{
    "EXPERIMENT_NUMBER": 1,
    "SUB_EXPERIMENT_NUMBER": 6,
    "MODEL_NAME": "Model_1",
    "TRAINING_SIZE": 7602,
    "VALIDATION_SIZE": 261,
    "TESTING_SIZE": 129,
    "RUN_MOMENT": "2025-04-14 20:02:13",
    "INPUT_WINDOW_SIZE": 4,
    "OUTPUT_WINDOW_SIZE": 1,
    "BATCH_SIZE": 32,
    "MAX_EPOCHS": 500,
    "LEARNING_RATE": 0.01,
    "PATIENCE": 10,
    "RANDOM_SEED": 937,
    "LOSS_FUNCTION": "MAE",
    "COLUMNS_TO_USE": [
        "IBOVESPA - Close %",
        "IBOVESPA - High %",
        "IBOVESPA - Low %",
        "IBOVESPA - Open %"
    ],
    "COLUMN_TO_PREDICT": "IBOVESPA - Close %",
    "TRAINING_TIME": "0h:0m:16s:921ms",
    "TRAINING_EPOCHS": 11,
    "Metrics": {
        "Train_Repeat": {
            "Loss": null,
            "MAE": 0.021894998848438263,
            "MSE": 0.0007430388359352946,
            "MAPE": 7.037374496459961,
            "RMSE": 0.0272587388753891
        },
        "Validation_Repeat": {
            "Loss": null,
            "MAE": 0.0,
            "MSE": 0.0,
            "MAPE": 0.0,
            "RMSE": 0.0
        },
        "Test_Repeat": {
            "Loss": null,
            "MAE": 0.01891194097697735,
            "MSE": 0.00047591369366273284,
            "MAPE": 5.887756824493408,
            "RMSE": 0.021815447136759758
        },
        "Train": {
            "Loss": 0.028799375519156456,
            "MAE": 0.028799375519156456,
            "MSE": 0.0018436788814142346,
            "MAPE": 42080.234375,
            "RMSE": 0.04293808341026306
        },
        "Validation": {
            "Loss": 0.012576361186802387,
            "MAE": 0.012576361186802387,
            "MSE": 0.0002576398546807468,
            "MAPE": 3.870718479156494,
            "RMSE": 0.016051163896918297
        },
        "Test": {
            "Loss": 0.015109555795788765,
            "MAE": 0.015109555795788765,
            "MSE": 0.00042238127207383513,
            "MAPE": 4.723694801330566,
            "RMSE": 0.02055191621184349
        }
    }
}