{
    "EXPERIMENT_NUMBER": 1,
    "SUB_EXPERIMENT_NUMBER": 2,
    "MODEL_NAME": "Model_1",
    "TRAINING_SIZE": 7603,
    "VALIDATION_SIZE": 261,
    "TESTING_SIZE": 129,
    "RUN_MOMENT": "2025-04-14 18:48:49",
    "INPUT_WINDOW_SIZE": 4,
    "OUTPUT_WINDOW_SIZE": 1,
    "BATCH_SIZE": 32,
    "MAX_EPOCHS": 500,
    "LEARNING_RATE": 0.01,
    "PATIENCE": 10,
    "RANDOM_SEED": 509,
    "LOSS_FUNCTION": "MAE",
    "COLUMNS_TO_USE": [
        "IBOVESPA - Close",
        "IBOVESPA - Spread"
    ],
    "COLUMN_TO_PREDICT": "IBOVESPA - Close",
    "TRAINING_TIME": "0h:0m:39s:980ms",
    "TRAINING_EPOCHS": 22,
    "Metrics": {
        "Train_Repeat": {
            "Loss": null,
            "MAE": 0.006142390426248312,
            "MSE": 6.263914110604674e-05,
            "MAPE": 0.7226079702377319,
            "RMSE": 0.007914489135146141
        },
        "Validation_Repeat": {
            "Loss": null,
            "MAE": 0.0,
            "MSE": 0.0,
            "MAPE": 0.0,
            "RMSE": 0.0
        },
        "Test_Repeat": {
            "Loss": null,
            "MAE": 0.006717351730912924,
            "MSE": 7.532560994150117e-05,
            "MAPE": 0.7215718626976013,
            "RMSE": 0.008679032325744629
        },
        "Train": {
            "Loss": 0.016880104318261147,
            "MAE": 0.016880104318261147,
            "MSE": 0.0003552023263182491,
            "MAPE": 26.518108367919922,
            "RMSE": 0.01884681172668934
        },
        "Validation": {
            "Loss": 0.010802563279867172,
            "MAE": 0.010802563279867172,
            "MSE": 0.00016436682199127972,
            "MAPE": 1.155069351196289,
            "RMSE": 0.012820562347769737
        },
        "Test": {
            "Loss": 0.010688561014831066,
            "MAE": 0.010688561014831066,
            "MSE": 0.0001658446853980422,
            "MAPE": 1.1534775495529175,
            "RMSE": 0.012878069654107094
        }
    }
}