{
    "EXPERIMENT_NUMBER": 1,
    "SUB_EXPERIMENT_NUMBER": 4,
    "MODEL_NAME": "Model_3",
    "TRAINING_SIZE": 7602,
    "VALIDATION_SIZE": 261,
    "TESTING_SIZE": 129,
    "RUN_MOMENT": "2025-04-14 20:30:37",
    "INPUT_WINDOW_SIZE": 4,
    "OUTPUT_WINDOW_SIZE": 1,
    "BATCH_SIZE": 32,
    "MAX_EPOCHS": 500,
    "LEARNING_RATE": 0.01,
    "PATIENCE": 10,
    "RANDOM_SEED": 453,
    "LOSS_FUNCTION": "MAE",
    "COLUMNS_TO_USE": [
        "IBOVESPA - Close %"
    ],
    "COLUMN_TO_PREDICT": "IBOVESPA - Close %",
    "TRAINING_TIME": "0h:0m:24s:106ms",
    "TRAINING_EPOCHS": 12,
    "Metrics": {
        "Train_Repeat": {
            "Loss": null,
            "MAE": 0.021894998848438263,
            "MSE": 0.0007430388359352946,
            "MAPE": 7.037374496459961,
            "RMSE": 0.0272587388753891
        },
        "Validation_Repeat": {
            "Loss": null,
            "MAE": 0.0,
            "MSE": 0.0,
            "MAPE": 0.0,
            "RMSE": 0.0
        },
        "Test_Repeat": {
            "Loss": null,
            "MAE": 0.01891194097697735,
            "MSE": 0.00047591369366273284,
            "MAPE": 5.887756824493408,
            "RMSE": 0.021815447136759758
        },
        "Train": {
            "Loss": 0.028652675449848175,
            "MAE": 0.028652675449848175,
            "MSE": 0.0018348018638789654,
            "MAPE": 42319.9140625,
            "RMSE": 0.04283458739519119
        },
        "Validation": {
            "Loss": 0.012405727058649063,
            "MAE": 0.012405727058649063,
            "MSE": 0.0002510687045287341,
            "MAPE": 3.8386991024017334,
            "RMSE": 0.015845147892832756
        },
        "Test": {
            "Loss": 0.014972764998674393,
            "MAE": 0.014972764998674393,
            "MSE": 0.0004205869627185166,
            "MAPE": 4.706968784332275,
            "RMSE": 0.020508216693997383
        }
    }
}