{
    "EXPERIMENT_NUMBER": 1,
    "SUB_EXPERIMENT_NUMBER": 3,
    "MODEL_NAME": "Model_1",
    "TRAINING_SIZE": 7603,
    "VALIDATION_SIZE": 261,
    "TESTING_SIZE": 129,
    "RUN_MOMENT": "2025-04-14 20:26:41",
    "INPUT_WINDOW_SIZE": 4,
    "OUTPUT_WINDOW_SIZE": 1,
    "BATCH_SIZE": 32,
    "MAX_EPOCHS": 500,
    "LEARNING_RATE": 0.01,
    "PATIENCE": 10,
    "RANDOM_SEED": 453,
    "LOSS_FUNCTION": "MAE",
    "COLUMNS_TO_USE": [
        "IBOVESPA - Close",
        "IBOVESPA - High",
        "IBOVESPA - Low",
        "IBOVESPA - Open"
    ],
    "COLUMN_TO_PREDICT": "IBOVESPA - Close",
    "TRAINING_TIME": "0h:0m:43s:917ms",
    "TRAINING_EPOCHS": 36,
    "Metrics": {
        "Train_Repeat": {
            "Loss": null,
            "MAE": 0.006142390426248312,
            "MSE": 6.263914110604674e-05,
            "MAPE": 0.7226079702377319,
            "RMSE": 0.007914489135146141
        },
        "Validation_Repeat": {
            "Loss": null,
            "MAE": 0.0,
            "MSE": 0.0,
            "MAPE": 0.0,
            "RMSE": 0.0
        },
        "Test_Repeat": {
            "Loss": null,
            "MAE": 0.006717351730912924,
            "MSE": 7.532560994150117e-05,
            "MAPE": 0.7215718626976013,
            "RMSE": 0.008679032325744629
        },
        "Train": {
            "Loss": 0.00499181542545557,
            "MAE": 0.00499181542545557,
            "MSE": 5.812969902763143e-05,
            "MAPE": 2.5000598430633545,
            "RMSE": 0.00762428343296051
        },
        "Validation": {
            "Loss": 0.00693475129082799,
            "MAE": 0.00693475129082799,
            "MSE": 7.650666520930827e-05,
            "MAPE": 0.746992826461792,
            "RMSE": 0.008746808394789696
        },
        "Test": {
            "Loss": 0.007499272469431162,
            "MAE": 0.007499272469431162,
            "MSE": 9.429535566596314e-05,
            "MAPE": 0.8157188892364502,
            "RMSE": 0.009710579179227352
        }
    }
}