{
    "EXPERIMENT_NUMBER": 1,
    "SUB_EXPERIMENT_NUMBER": 2,
    "MODEL_NAME": "Model_2",
    "TRAINING_SIZE": 7603,
    "VALIDATION_SIZE": 261,
    "TESTING_SIZE": 129,
    "RUN_MOMENT": "2025-04-15 00:03:21",
    "INPUT_WINDOW_SIZE": 40,
    "OUTPUT_WINDOW_SIZE": 5,
    "BATCH_SIZE": 32,
    "MAX_EPOCHS": 500,
    "LEARNING_RATE": 0.01,
    "PATIENCE": 10,
    "RANDOM_SEED": 26,
    "LOSS_FUNCTION": "MAE",
    "COLUMNS_TO_USE": [
        "IBOVESPA - Close",
        "IBOVESPA - Spread"
    ],
    "COLUMN_TO_PREDICT": "IBOVESPA - Close",
    "TRAINING_TIME": "0h:3m:29s:630ms",
    "TRAINING_EPOCHS": 30,
    "Metrics": {
        "Train_Repeat": {
            "Loss": null,
            "MAE": 0.012225615791976452,
            "MSE": 0.00023065709683578461,
            "MAPE": 1.4550572633743286,
            "RMSE": 0.015187399461865425
        },
        "Validation_Repeat": {
            "Loss": null,
            "MAE": 0.008867786265909672,
            "MSE": 0.00012879814312327653,
            "MAPE": 0.9110598564147949,
            "RMSE": 0.011348927393555641
        },
        "Test_Repeat": {
            "Loss": null,
            "MAE": 0.013968420214951038,
            "MSE": 0.0004119221994187683,
            "MAPE": 1.4911150932312012,
            "RMSE": 0.020295865833759308
        },
        "Train": {
            "Loss": 0.059028394520282745,
            "MAE": 0.059028394520282745,
            "MSE": 0.004831875674426556,
            "MAPE": 85.40823364257812,
            "RMSE": 0.06951169669628143
        },
        "Validation": {
            "Loss": 0.02489100769162178,
            "MAE": 0.02489100769162178,
            "MSE": 0.0007882441859692335,
            "MAPE": 2.637693405151367,
            "RMSE": 0.0280756838619709
        },
        "Test": {
            "Loss": 0.02386963739991188,
            "MAE": 0.02386963739991188,
            "MSE": 0.0008224529447034001,
            "MAPE": 2.596297264099121,
            "RMSE": 0.028678439557552338
        }
    }
}