{
    "EXPERIMENT_NUMBER": 1,
    "SUB_EXPERIMENT_NUMBER": 6,
    "MODEL_NAME": "Model_2",
    "TRAINING_SIZE": 7602,
    "VALIDATION_SIZE": 261,
    "TESTING_SIZE": 129,
    "RUN_MOMENT": "2025-04-14 19:03:29",
    "INPUT_WINDOW_SIZE": 4,
    "OUTPUT_WINDOW_SIZE": 1,
    "BATCH_SIZE": 32,
    "MAX_EPOCHS": 500,
    "LEARNING_RATE": 0.01,
    "PATIENCE": 10,
    "RANDOM_SEED": 509,
    "LOSS_FUNCTION": "MAE",
    "COLUMNS_TO_USE": [
        "IBOVESPA - Close %",
        "IBOVESPA - High %",
        "IBOVESPA - Low %",
        "IBOVESPA - Open %"
    ],
    "COLUMN_TO_PREDICT": "IBOVESPA - Close %",
    "TRAINING_TIME": "0h:0m:22s:230ms",
    "TRAINING_EPOCHS": 12,
    "Metrics": {
        "Train_Repeat": {
            "Loss": null,
            "MAE": 0.021894998848438263,
            "MSE": 0.0007430388359352946,
            "MAPE": 7.037374496459961,
            "RMSE": 0.0272587388753891
        },
        "Validation_Repeat": {
            "Loss": null,
            "MAE": 0.0,
            "MSE": 0.0,
            "MAPE": 0.0,
            "RMSE": 0.0
        },
        "Test_Repeat": {
            "Loss": null,
            "MAE": 0.01891194097697735,
            "MSE": 0.00047591369366273284,
            "MAPE": 5.887756824493408,
            "RMSE": 0.021815447136759758
        },
        "Train": {
            "Loss": 0.028778918087482452,
            "MAE": 0.028778918087482452,
            "MSE": 0.0018424703739583492,
            "MAPE": 42105.16796875,
            "RMSE": 0.042924005538225174
        },
        "Validation": {
            "Loss": 0.012550131417810917,
            "MAE": 0.012550131417810917,
            "MSE": 0.00025666458532214165,
            "MAPE": 3.864715576171875,
            "RMSE": 0.016020754352211952
        },
        "Test": {
            "Loss": 0.015088710002601147,
            "MAE": 0.015088710002601147,
            "MSE": 0.0004219521360937506,
            "MAPE": 4.719849586486816,
            "RMSE": 0.020541474223136902
        }
    }
}