{
    "EXPERIMENT_NUMBER": 1,
    "SUB_EXPERIMENT_NUMBER": 5,
    "MODEL_NAME": "Model_2",
    "TRAINING_SIZE": 7602,
    "VALIDATION_SIZE": 261,
    "TESTING_SIZE": 129,
    "RUN_MOMENT": "2025-04-14 19:00:31",
    "INPUT_WINDOW_SIZE": 4,
    "OUTPUT_WINDOW_SIZE": 1,
    "BATCH_SIZE": 32,
    "MAX_EPOCHS": 500,
    "LEARNING_RATE": 0.01,
    "PATIENCE": 10,
    "RANDOM_SEED": 509,
    "LOSS_FUNCTION": "MAE",
    "COLUMNS_TO_USE": [
        "IBOVESPA - Close %",
        "IBOVESPA - Spread %"
    ],
    "COLUMN_TO_PREDICT": "IBOVESPA - Close %",
    "TRAINING_TIME": "0h:0m:56s:239ms",
    "TRAINING_EPOCHS": 33,
    "Metrics": {
        "Train_Repeat": {
            "Loss": null,
            "MAE": 0.021894998848438263,
            "MSE": 0.0007430388359352946,
            "MAPE": 7.037374496459961,
            "RMSE": 0.0272587388753891
        },
        "Validation_Repeat": {
            "Loss": null,
            "MAE": 0.0,
            "MSE": 0.0,
            "MAPE": 0.0,
            "RMSE": 0.0
        },
        "Test_Repeat": {
            "Loss": null,
            "MAE": 0.01891194097697735,
            "MSE": 0.00047591369366273284,
            "MAPE": 5.887756824493408,
            "RMSE": 0.021815447136759758
        },
        "Train": {
            "Loss": 0.028787950053811073,
            "MAE": 0.028787950053811073,
            "MSE": 0.0018430048367008567,
            "MAPE": 42094.40625,
            "RMSE": 0.042930230498313904
        },
        "Validation": {
            "Loss": 0.012561876326799393,
            "MAE": 0.012561876326799393,
            "MSE": 0.00025708889006637037,
            "MAPE": 3.867401123046875,
            "RMSE": 0.016033992171287537
        },
        "Test": {
            "Loss": 0.015098507516086102,
            "MAE": 0.015098507516086102,
            "MSE": 0.00042215760913677514,
            "MAPE": 4.721707820892334,
            "RMSE": 0.020546473562717438
        }
    }
}