{
    "EXPERIMENT_NUMBER": 1,
    "SUB_EXPERIMENT_NUMBER": 8,
    "MODEL_NAME": "Model_1",
    "TRAINING_SIZE": 7602,
    "VALIDATION_SIZE": 261,
    "TESTING_SIZE": 129,
    "RUN_MOMENT": "2025-04-14 23:35:47",
    "INPUT_WINDOW_SIZE": 40,
    "OUTPUT_WINDOW_SIZE": 5,
    "BATCH_SIZE": 32,
    "MAX_EPOCHS": 500,
    "LEARNING_RATE": 0.01,
    "PATIENCE": 10,
    "RANDOM_SEED": 246,
    "LOSS_FUNCTION": "MAE",
    "COLUMNS_TO_USE": [
        "IBOVESPA - Close",
        "IBOVESPA - Close %",
        "IBOVESPA - Spread %"
    ],
    "COLUMN_TO_PREDICT": "IBOVESPA - Close",
    "TRAINING_TIME": "0h:1m:22s:17ms",
    "TRAINING_EPOCHS": 21,
    "Metrics": {
        "Train_Repeat": {
            "Loss": null,
            "MAE": 0.012682771310210228,
            "MSE": 0.00024386293080169708,
            "MAPE": 1.5115547180175781,
            "RMSE": 0.01561611145734787
        },
        "Validation_Repeat": {
            "Loss": null,
            "MAE": 0.008867786265909672,
            "MSE": 0.00012879814312327653,
            "MAPE": 0.9110598564147949,
            "RMSE": 0.011348927393555641
        },
        "Test_Repeat": {
            "Loss": null,
            "MAE": 0.013968420214951038,
            "MSE": 0.0004119221994187683,
            "MAPE": 1.4911150932312012,
            "RMSE": 0.020295865833759308
        },
        "Train": {
            "Loss": 0.03584970161318779,
            "MAE": 0.03584969788789749,
            "MSE": 0.0015146633377298713,
            "MAPE": 34.56086349487305,
            "RMSE": 0.03891867399215698
        },
        "Validation": {
            "Loss": 0.009816514328122139,
            "MAE": 0.009816514328122139,
            "MSE": 0.00015611285925842822,
            "MAPE": 1.0482538938522339,
            "RMSE": 0.01249451283365488
        },
        "Test": {
            "Loss": 0.012807708233594894,
            "MAE": 0.012807708233594894,
            "MSE": 0.00027208126266486943,
            "MAPE": 1.4053597450256348,
            "RMSE": 0.016494885087013245
        }
    }
}