{
    "EXPERIMENT_NUMBER": 1,
    "SUB_EXPERIMENT_NUMBER": 7,
    "MODEL_NAME": "Model_3",
    "TRAINING_SIZE": 7602,
    "VALIDATION_SIZE": 261,
    "TESTING_SIZE": 129,
    "RUN_MOMENT": "2025-04-14 20:06:36",
    "INPUT_WINDOW_SIZE": 4,
    "OUTPUT_WINDOW_SIZE": 1,
    "BATCH_SIZE": 32,
    "MAX_EPOCHS": 500,
    "LEARNING_RATE": 0.01,
    "PATIENCE": 10,
    "RANDOM_SEED": 937,
    "LOSS_FUNCTION": "MAE",
    "COLUMNS_TO_USE": [
        "IBOVESPA - Close",
        "IBOVESPA - Close %"
    ],
    "COLUMN_TO_PREDICT": "IBOVESPA - Close",
    "TRAINING_TIME": "0h:1m:17s:580ms",
    "TRAINING_EPOCHS": 49,
    "Metrics": {
        "Train_Repeat": {
            "Loss": null,
            "MAE": 0.006005511619150639,
            "MSE": 6.263021350605413e-05,
            "MAPE": 0.7072149515151978,
            "RMSE": 0.007913925684988499
        },
        "Validation_Repeat": {
            "Loss": null,
            "MAE": 0.0,
            "MSE": 0.0,
            "MAPE": 0.0,
            "RMSE": 0.0
        },
        "Test_Repeat": {
            "Loss": null,
            "MAE": 0.006717351730912924,
            "MSE": 7.532560994150117e-05,
            "MAPE": 0.7215718626976013,
            "RMSE": 0.008679032325744629
        },
        "Train": {
            "Loss": 0.011761619709432125,
            "MAE": 0.011761619709432125,
            "MSE": 0.00017276800645049661,
            "MAPE": 14.43266487121582,
            "RMSE": 0.013144124299287796
        },
        "Validation": {
            "Loss": 0.005807323846966028,
            "MAE": 0.005807323846966028,
            "MSE": 5.2216397307347506e-05,
            "MAPE": 0.6318422555923462,
            "RMSE": 0.007226091343909502
        },
        "Test": {
            "Loss": 0.007196933962404728,
            "MAE": 0.007196933962404728,
            "MSE": 8.936971426010132e-05,
            "MAPE": 0.7858244776725769,
            "RMSE": 0.009453555569052696
        }
    }
}