{
    "EXPERIMENT_NUMBER": 1,
    "SUB_EXPERIMENT_NUMBER": 8,
    "MODEL_NAME": "Model_2",
    "TRAINING_SIZE": 7602,
    "VALIDATION_SIZE": 261,
    "TESTING_SIZE": 129,
    "RUN_MOMENT": "2025-04-14 20:09:34",
    "INPUT_WINDOW_SIZE": 4,
    "OUTPUT_WINDOW_SIZE": 1,
    "BATCH_SIZE": 32,
    "MAX_EPOCHS": 500,
    "LEARNING_RATE": 0.01,
    "PATIENCE": 10,
    "RANDOM_SEED": 937,
    "LOSS_FUNCTION": "MAE",
    "COLUMNS_TO_USE": [
        "IBOVESPA - Close",
        "IBOVESPA - Close %",
        "IBOVESPA - Spread %"
    ],
    "COLUMN_TO_PREDICT": "IBOVESPA - Close",
    "TRAINING_TIME": "0h:1m:59s:66ms",
    "TRAINING_EPOCHS": 70,
    "Metrics": {
        "Train_Repeat": {
            "Loss": null,
            "MAE": 0.006005511619150639,
            "MSE": 6.263021350605413e-05,
            "MAPE": 0.7072149515151978,
            "RMSE": 0.007913925684988499
        },
        "Validation_Repeat": {
            "Loss": null,
            "MAE": 0.0,
            "MSE": 0.0,
            "MAPE": 0.0,
            "RMSE": 0.0
        },
        "Test_Repeat": {
            "Loss": null,
            "MAE": 0.006717351730912924,
            "MSE": 7.532560994150117e-05,
            "MAPE": 0.7215718626976013,
            "RMSE": 0.008679032325744629
        },
        "Train": {
            "Loss": 0.00789421796798706,
            "MAE": 0.00789421796798706,
            "MSE": 0.00012759596575051546,
            "MAPE": 21.398914337158203,
            "RMSE": 0.01129583828151226
        },
        "Validation": {
            "Loss": 0.009344625286757946,
            "MAE": 0.009344625286757946,
            "MSE": 0.00012988748494535685,
            "MAPE": 0.9997356534004211,
            "RMSE": 0.011396818794310093
        },
        "Test": {
            "Loss": 0.009293760173022747,
            "MAE": 0.009293760173022747,
            "MSE": 0.00013167024007998407,
            "MAPE": 1.0039986371994019,
            "RMSE": 0.01147476490586996
        }
    }
}