{
    "EXPERIMENT_NUMBER": 1,
    "SUB_EXPERIMENT_NUMBER": 9,
    "MODEL_NAME": "Model_3",
    "TRAINING_SIZE": 7602,
    "VALIDATION_SIZE": 261,
    "TESTING_SIZE": 129,
    "RUN_MOMENT": "2025-04-14 22:26:54",
    "INPUT_WINDOW_SIZE": 40,
    "OUTPUT_WINDOW_SIZE": 5,
    "BATCH_SIZE": 32,
    "MAX_EPOCHS": 500,
    "LEARNING_RATE": 0.01,
    "PATIENCE": 10,
    "RANDOM_SEED": 280,
    "LOSS_FUNCTION": "MAE",
    "COLUMNS_TO_USE": [
        "IBOVESPA - Close",
        "IBOVESPA - Close %",
        "IBOVESPA - High %",
        "IBOVESPA - Low %",
        "IBOVESPA - Open %"
    ],
    "COLUMN_TO_PREDICT": "IBOVESPA - Close",
    "TRAINING_TIME": "0h:3m:34s:130ms",
    "TRAINING_EPOCHS": 29,
    "Metrics": {
        "Train_Repeat": {
            "Loss": null,
            "MAE": 0.012682771310210228,
            "MSE": 0.00024386293080169708,
            "MAPE": 1.5115547180175781,
            "RMSE": 0.01561611145734787
        },
        "Validation_Repeat": {
            "Loss": null,
            "MAE": 0.008867786265909672,
            "MSE": 0.00012879814312327653,
            "MAPE": 0.9110598564147949,
            "RMSE": 0.011348927393555641
        },
        "Test_Repeat": {
            "Loss": null,
            "MAE": 0.013968420214951038,
            "MSE": 0.0004119221994187683,
            "MAPE": 1.4911150932312012,
            "RMSE": 0.020295865833759308
        },
        "Train": {
            "Loss": 0.038844503462314606,
            "MAE": 0.038844507187604904,
            "MSE": 0.002003930974751711,
            "MAPE": 50.94634246826172,
            "RMSE": 0.04476528987288475
        },
        "Validation": {
            "Loss": 0.010454521514475346,
            "MAE": 0.010454521514475346,
            "MSE": 0.0001827332453103736,
            "MAPE": 1.1116687059402466,
            "RMSE": 0.013517886400222778
        },
        "Test": {
            "Loss": 0.01258827093988657,
            "MAE": 0.01258827093988657,
            "MSE": 0.0002791772421915084,
            "MAPE": 1.3749120235443115,
            "RMSE": 0.016708597540855408
        }
    }
}