{
    "EXPERIMENT_NUMBER": 1,
    "SUB_EXPERIMENT_NUMBER": 8,
    "MODEL_NAME": "Model_2",
    "TRAINING_SIZE": 7602,
    "VALIDATION_SIZE": 261,
    "TESTING_SIZE": 129,
    "RUN_MOMENT": "2025-04-14 22:08:10",
    "INPUT_WINDOW_SIZE": 40,
    "OUTPUT_WINDOW_SIZE": 5,
    "BATCH_SIZE": 32,
    "MAX_EPOCHS": 500,
    "LEARNING_RATE": 0.01,
    "PATIENCE": 10,
    "RANDOM_SEED": 280,
    "LOSS_FUNCTION": "MAE",
    "COLUMNS_TO_USE": [
        "IBOVESPA - Close",
        "IBOVESPA - Close %",
        "IBOVESPA - Spread %"
    ],
    "COLUMN_TO_PREDICT": "IBOVESPA - Close",
    "TRAINING_TIME": "0h:2m:45s:848ms",
    "TRAINING_EPOCHS": 21,
    "Metrics": {
        "Train_Repeat": {
            "Loss": null,
            "MAE": 0.012682771310210228,
            "MSE": 0.00024386293080169708,
            "MAPE": 1.5115547180175781,
            "RMSE": 0.01561611145734787
        },
        "Validation_Repeat": {
            "Loss": null,
            "MAE": 0.008867786265909672,
            "MSE": 0.00012879814312327653,
            "MAPE": 0.9110598564147949,
            "RMSE": 0.011348927393555641
        },
        "Test_Repeat": {
            "Loss": null,
            "MAE": 0.013968420214951038,
            "MSE": 0.0004119221994187683,
            "MAPE": 1.4911150932312012,
            "RMSE": 0.020295865833759308
        },
        "Train": {
            "Loss": 0.5263797044754028,
            "MAE": 0.5263796448707581,
            "MSE": 0.34024181962013245,
            "MAPE": 617.6638793945312,
            "RMSE": 0.5833024978637695
        },
        "Validation": {
            "Loss": 0.05978509411215782,
            "MAE": 0.05978509411215782,
            "MSE": 0.004468545317649841,
            "MAPE": 6.314002990722656,
            "RMSE": 0.06684717535972595
        },
        "Test": {
            "Loss": 0.03582204505801201,
            "MAE": 0.03582204878330231,
            "MSE": 0.00194038066547364,
            "MAPE": 3.8770973682403564,
            "RMSE": 0.04404975101351738
        }
    }
}