{
    "EXPERIMENT_NUMBER": 1,
    "SUB_EXPERIMENT_NUMBER": 2,
    "MODEL_NAME": "Model_3",
    "TRAINING_SIZE": 7603,
    "VALIDATION_SIZE": 261,
    "TESTING_SIZE": 129,
    "RUN_MOMENT": "2025-04-15 00:07:14",
    "INPUT_WINDOW_SIZE": 40,
    "OUTPUT_WINDOW_SIZE": 5,
    "BATCH_SIZE": 32,
    "MAX_EPOCHS": 500,
    "LEARNING_RATE": 0.01,
    "PATIENCE": 10,
    "RANDOM_SEED": 26,
    "LOSS_FUNCTION": "MAE",
    "COLUMNS_TO_USE": [
        "IBOVESPA - Close",
        "IBOVESPA - Spread"
    ],
    "COLUMN_TO_PREDICT": "IBOVESPA - Close",
    "TRAINING_TIME": "0h:4m:8s:786ms",
    "TRAINING_EPOCHS": 32,
    "Metrics": {
        "Train_Repeat": {
            "Loss": null,
            "MAE": 0.012225615791976452,
            "MSE": 0.00023065709683578461,
            "MAPE": 1.4550572633743286,
            "RMSE": 0.015187399461865425
        },
        "Validation_Repeat": {
            "Loss": null,
            "MAE": 0.008867786265909672,
            "MSE": 0.00012879814312327653,
            "MAPE": 0.9110598564147949,
            "RMSE": 0.011348927393555641
        },
        "Test_Repeat": {
            "Loss": null,
            "MAE": 0.013968420214951038,
            "MSE": 0.0004119221994187683,
            "MAPE": 1.4911150932312012,
            "RMSE": 0.020295865833759308
        },
        "Train": {
            "Loss": 0.026815148070454597,
            "MAE": 0.026815149933099747,
            "MSE": 0.0009046345367096364,
            "MAPE": 28.455720901489258,
            "RMSE": 0.030077142640948296
        },
        "Validation": {
            "Loss": 0.011455299332737923,
            "MAE": 0.011455299332737923,
            "MSE": 0.00021196245506871492,
            "MAPE": 1.2144757509231567,
            "RMSE": 0.01455893088132143
        },
        "Test": {
            "Loss": 0.012722667306661606,
            "MAE": 0.012722666375339031,
            "MSE": 0.0002869998279493302,
            "MAPE": 1.3853042125701904,
            "RMSE": 0.016941068693995476
        }
    }
}