{
    "EXPERIMENT_NUMBER": 1,
    "SUB_EXPERIMENT_NUMBER": 9,
    "MODEL_NAME": "Model_1",
    "TRAINING_SIZE": 7602,
    "VALIDATION_SIZE": 261,
    "TESTING_SIZE": 129,
    "RUN_MOMENT": "2025-04-14 20:46:03",
    "INPUT_WINDOW_SIZE": 4,
    "OUTPUT_WINDOW_SIZE": 1,
    "BATCH_SIZE": 32,
    "MAX_EPOCHS": 500,
    "LEARNING_RATE": 0.01,
    "PATIENCE": 10,
    "RANDOM_SEED": 453,
    "LOSS_FUNCTION": "MAE",
    "COLUMNS_TO_USE": [
        "IBOVESPA - Close",
        "IBOVESPA - Close %",
        "IBOVESPA - High %",
        "IBOVESPA - Low %",
        "IBOVESPA - Open %"
    ],
    "COLUMN_TO_PREDICT": "IBOVESPA - Close",
    "TRAINING_TIME": "0h:1m:11s:748ms",
    "TRAINING_EPOCHS": 46,
    "Metrics": {
        "Train_Repeat": {
            "Loss": null,
            "MAE": 0.006005511619150639,
            "MSE": 6.263021350605413e-05,
            "MAPE": 0.7072149515151978,
            "RMSE": 0.007913925684988499
        },
        "Validation_Repeat": {
            "Loss": null,
            "MAE": 0.0,
            "MSE": 0.0,
            "MAPE": 0.0,
            "RMSE": 0.0
        },
        "Test_Repeat": {
            "Loss": null,
            "MAE": 0.006717351730912924,
            "MSE": 7.532560994150117e-05,
            "MAPE": 0.7215718626976013,
            "RMSE": 0.008679032325744629
        },
        "Train": {
            "Loss": 0.010532306507229805,
            "MAE": 0.010532306507229805,
            "MSE": 0.00015025216271169484,
            "MAPE": 15.740385055541992,
            "RMSE": 0.012257738970220089
        },
        "Validation": {
            "Loss": 0.006209698971360922,
            "MAE": 0.006209698971360922,
            "MSE": 6.097401637816802e-05,
            "MAPE": 0.6701633930206299,
            "RMSE": 0.0078085861168801785
        },
        "Test": {
            "Loss": 0.006937382277101278,
            "MAE": 0.006937382277101278,
            "MSE": 8.690824324730784e-05,
            "MAPE": 0.7532824277877808,
            "RMSE": 0.009322458878159523
        }
    }
}