{
    "EXPERIMENT_NUMBER": 1,
    "SUB_EXPERIMENT_NUMBER": 3,
    "MODEL_NAME": "Model_3",
    "TRAINING_SIZE": 7603,
    "VALIDATION_SIZE": 261,
    "TESTING_SIZE": 129,
    "RUN_MOMENT": "2025-04-14 19:36:01",
    "INPUT_WINDOW_SIZE": 4,
    "OUTPUT_WINDOW_SIZE": 1,
    "BATCH_SIZE": 32,
    "MAX_EPOCHS": 500,
    "LEARNING_RATE": 0.01,
    "PATIENCE": 10,
    "RANDOM_SEED": 259,
    "LOSS_FUNCTION": "MAE",
    "COLUMNS_TO_USE": [
        "IBOVESPA - Close",
        "IBOVESPA - High",
        "IBOVESPA - Low",
        "IBOVESPA - Open"
    ],
    "COLUMN_TO_PREDICT": "IBOVESPA - Close",
    "TRAINING_TIME": "0h:1m:35s:664ms",
    "TRAINING_EPOCHS": 46,
    "Metrics": {
        "Train_Repeat": {
            "Loss": null,
            "MAE": 0.006142390426248312,
            "MSE": 6.263914110604674e-05,
            "MAPE": 0.7226079702377319,
            "RMSE": 0.007914489135146141
        },
        "Validation_Repeat": {
            "Loss": null,
            "MAE": 0.0,
            "MSE": 0.0,
            "MAPE": 0.0,
            "RMSE": 0.0
        },
        "Test_Repeat": {
            "Loss": null,
            "MAE": 0.006717351730912924,
            "MSE": 7.532560994150117e-05,
            "MAPE": 0.7215718626976013,
            "RMSE": 0.008679032325744629
        },
        "Train": {
            "Loss": 0.010082487016916275,
            "MAE": 0.010082487016916275,
            "MSE": 0.0001440455816918984,
            "MAPE": 5.280275821685791,
            "RMSE": 0.01200189907103777
        },
        "Validation": {
            "Loss": 0.01133984699845314,
            "MAE": 0.01133984699845314,
            "MSE": 0.00019026620429940522,
            "MAPE": 1.2096689939498901,
            "RMSE": 0.01379370130598545
        },
        "Test": {
            "Loss": 0.01027381606400013,
            "MAE": 0.01027381606400013,
            "MSE": 0.0001692030782578513,
            "MAPE": 1.104177474975586,
            "RMSE": 0.013007808476686478
        }
    }
}