{
    "EXPERIMENT_NUMBER": 1,
    "SUB_EXPERIMENT_NUMBER": 2,
    "MODEL_NAME": "Model_3",
    "TRAINING_SIZE": 7603,
    "VALIDATION_SIZE": 261,
    "TESTING_SIZE": 129,
    "RUN_MOMENT": "2025-04-14 18:50:58",
    "INPUT_WINDOW_SIZE": 4,
    "OUTPUT_WINDOW_SIZE": 1,
    "BATCH_SIZE": 32,
    "MAX_EPOCHS": 500,
    "LEARNING_RATE": 0.01,
    "PATIENCE": 10,
    "RANDOM_SEED": 509,
    "LOSS_FUNCTION": "MAE",
    "COLUMNS_TO_USE": [
        "IBOVESPA - Close",
        "IBOVESPA - Spread"
    ],
    "COLUMN_TO_PREDICT": "IBOVESPA - Close",
    "TRAINING_TIME": "0h:0m:58s:750ms",
    "TRAINING_EPOCHS": 27,
    "Metrics": {
        "Train_Repeat": {
            "Loss": null,
            "MAE": 0.006142390426248312,
            "MSE": 6.263914110604674e-05,
            "MAPE": 0.7226079702377319,
            "RMSE": 0.007914489135146141
        },
        "Validation_Repeat": {
            "Loss": null,
            "MAE": 0.0,
            "MSE": 0.0,
            "MAPE": 0.0,
            "RMSE": 0.0
        },
        "Test_Repeat": {
            "Loss": null,
            "MAE": 0.006717351730912924,
            "MSE": 7.532560994150117e-05,
            "MAPE": 0.7215718626976013,
            "RMSE": 0.008679032325744629
        },
        "Train": {
            "Loss": 0.01870689168572426,
            "MAE": 0.01870689168572426,
            "MSE": 0.00039576346171088517,
            "MAPE": 22.559791564941406,
            "RMSE": 0.01989380456507206
        },
        "Validation": {
            "Loss": 0.006108754314482212,
            "MAE": 0.006108754314482212,
            "MSE": 5.8331614127382636e-05,
            "MAPE": 0.6626735925674438,
            "RMSE": 0.007637513801455498
        },
        "Test": {
            "Loss": 0.0069687701761722565,
            "MAE": 0.0069687701761722565,
            "MSE": 8.284224895760417e-05,
            "MAPE": 0.7606039643287659,
            "RMSE": 0.009101771749556065
        }
    }
}