{
    "EXPERIMENT_NUMBER": 1,
    "SUB_EXPERIMENT_NUMBER": 5,
    "MODEL_NAME": "Model_3",
    "TRAINING_SIZE": 7602,
    "VALIDATION_SIZE": 261,
    "TESTING_SIZE": 129,
    "RUN_MOMENT": "2025-04-14 21:39:31",
    "INPUT_WINDOW_SIZE": 40,
    "OUTPUT_WINDOW_SIZE": 5,
    "BATCH_SIZE": 32,
    "MAX_EPOCHS": 500,
    "LEARNING_RATE": 0.01,
    "PATIENCE": 10,
    "RANDOM_SEED": 280,
    "LOSS_FUNCTION": "MAE",
    "COLUMNS_TO_USE": [
        "IBOVESPA - Close %",
        "IBOVESPA - Spread %"
    ],
    "COLUMN_TO_PREDICT": "IBOVESPA - Close %",
    "TRAINING_TIME": "0h:2m:29s:11ms",
    "TRAINING_EPOCHS": 17,
    "Metrics": {
        "Train_Repeat": {
            "Loss": null,
            "MAE": 0.024050775915384293,
            "MSE": 0.0009069583611562848,
            "MAPE": 7.7706122398376465,
            "RMSE": 0.030115749686956406
        },
        "Validation_Repeat": {
            "Loss": null,
            "MAE": 0.017876142635941505,
            "MSE": 0.00048549353959970176,
            "MAPE": 5.599128723144531,
            "RMSE": 0.022033918648958206
        },
        "Test_Repeat": {
            "Loss": null,
            "MAE": 0.02099556289613247,
            "MSE": 0.0006891750963404775,
            "MAPE": 6.381918430328369,
            "RMSE": 0.02625214494764805
        },
        "Train": {
            "Loss": 0.028735630214214325,
            "MAE": 0.028735630214214325,
            "MSE": 0.001804346451535821,
            "MAPE": 42398.5234375,
            "RMSE": 0.042477600276470184
        },
        "Validation": {
            "Loss": 0.012374763377010822,
            "MAE": 0.012374763377010822,
            "MSE": 0.0002409653679933399,
            "MAPE": 3.820499897003174,
            "RMSE": 0.015523059293627739
        },
        "Test": {
            "Loss": 0.01735823228955269,
            "MAE": 0.01735823228955269,
            "MSE": 0.0005203590844757855,
            "MAPE": 5.389279365539551,
            "RMSE": 0.02281138114631176
        }
    }
}