{
    "EXPERIMENT_NUMBER": 1,
    "SUB_EXPERIMENT_NUMBER": 5,
    "MODEL_NAME": "Model_1",
    "TRAINING_SIZE": 7602,
    "VALIDATION_SIZE": 261,
    "TESTING_SIZE": 129,
    "RUN_MOMENT": "2025-04-14 18:59:37",
    "INPUT_WINDOW_SIZE": 4,
    "OUTPUT_WINDOW_SIZE": 1,
    "BATCH_SIZE": 32,
    "MAX_EPOCHS": 500,
    "LEARNING_RATE": 0.01,
    "PATIENCE": 10,
    "RANDOM_SEED": 509,
    "LOSS_FUNCTION": "MAE",
    "COLUMNS_TO_USE": [
        "IBOVESPA - Close %",
        "IBOVESPA - Spread %"
    ],
    "COLUMN_TO_PREDICT": "IBOVESPA - Close %",
    "TRAINING_TIME": "0h:0m:37s:343ms",
    "TRAINING_EPOCHS": 31,
    "Metrics": {
        "Train_Repeat": {
            "Loss": null,
            "MAE": 0.021894998848438263,
            "MSE": 0.0007430388359352946,
            "MAPE": 7.037374496459961,
            "RMSE": 0.0272587388753891
        },
        "Validation_Repeat": {
            "Loss": null,
            "MAE": 0.0,
            "MSE": 0.0,
            "MAPE": 0.0,
            "RMSE": 0.0
        },
        "Test_Repeat": {
            "Loss": null,
            "MAE": 0.01891194097697735,
            "MSE": 0.00047591369366273284,
            "MAPE": 5.887756824493408,
            "RMSE": 0.021815447136759758
        },
        "Train": {
            "Loss": 0.02873186394572258,
            "MAE": 0.02873186394572258,
            "MSE": 0.0018397768726572394,
            "MAPE": 42167.26171875,
            "RMSE": 0.04289261996746063
        },
        "Validation": {
            "Loss": 0.012490472756326199,
            "MAE": 0.012490472756326199,
            "MSE": 0.0002545631432440132,
            "MAPE": 3.851506233215332,
            "RMSE": 0.015955034643411636
        },
        "Test": {
            "Loss": 0.015033501200377941,
            "MAE": 0.015033501200377941,
            "MSE": 0.0004210366168990731,
            "MAPE": 4.7092366218566895,
            "RMSE": 0.020519176498055458
        }
    }
}