{
    "EXPERIMENT_NUMBER": 1,
    "SUB_EXPERIMENT_NUMBER": 1,
    "MODEL_NAME": "Model_2",
    "TRAINING_SIZE": 7603,
    "VALIDATION_SIZE": 261,
    "TESTING_SIZE": 129,
    "RUN_MOMENT": "2025-04-14 22:34:04",
    "INPUT_WINDOW_SIZE": 40,
    "OUTPUT_WINDOW_SIZE": 5,
    "BATCH_SIZE": 32,
    "MAX_EPOCHS": 500,
    "LEARNING_RATE": 0.01,
    "PATIENCE": 10,
    "RANDOM_SEED": 246,
    "LOSS_FUNCTION": "MAE",
    "COLUMNS_TO_USE": [
        "IBOVESPA - Close"
    ],
    "COLUMN_TO_PREDICT": "IBOVESPA - Close",
    "TRAINING_TIME": "0h:2m:55s:430ms",
    "TRAINING_EPOCHS": 24,
    "Metrics": {
        "Train_Repeat": {
            "Loss": null,
            "MAE": 0.012225615791976452,
            "MSE": 0.00023065709683578461,
            "MAPE": 1.4550572633743286,
            "RMSE": 0.015187399461865425
        },
        "Validation_Repeat": {
            "Loss": null,
            "MAE": 0.008867786265909672,
            "MSE": 0.00012879814312327653,
            "MAPE": 0.9110598564147949,
            "RMSE": 0.011348927393555641
        },
        "Test_Repeat": {
            "Loss": null,
            "MAE": 0.013968420214951038,
            "MSE": 0.0004119221994187683,
            "MAPE": 1.4911150932312012,
            "RMSE": 0.020295865833759308
        },
        "Train": {
            "Loss": 0.45501476526260376,
            "MAE": 0.45501476526260376,
            "MSE": 0.2639739215373993,
            "MAPE": 555.6631469726562,
            "RMSE": 0.5137839317321777
        },
        "Validation": {
            "Loss": 0.13608792424201965,
            "MAE": 0.13608792424201965,
            "MSE": 0.01932663656771183,
            "MAPE": 14.478283882141113,
            "RMSE": 0.13902027904987335
        },
        "Test": {
            "Loss": 0.10977480560541153,
            "MAE": 0.10977480560541153,
            "MSE": 0.01274056825786829,
            "MAPE": 12.011056900024414,
            "RMSE": 0.11287412792444229
        }
    }
}