{
    "EXPERIMENT_NUMBER": 1,
    "SUB_EXPERIMENT_NUMBER": 1,
    "MODEL_NAME": "Model_1",
    "TRAINING_SIZE": 7603,
    "VALIDATION_SIZE": 261,
    "TESTING_SIZE": 129,
    "RUN_MOMENT": "2025-04-14 22:30:52",
    "INPUT_WINDOW_SIZE": 40,
    "OUTPUT_WINDOW_SIZE": 5,
    "BATCH_SIZE": 32,
    "MAX_EPOCHS": 500,
    "LEARNING_RATE": 0.01,
    "PATIENCE": 10,
    "RANDOM_SEED": 246,
    "LOSS_FUNCTION": "MAE",
    "COLUMNS_TO_USE": [
        "IBOVESPA - Close"
    ],
    "COLUMN_TO_PREDICT": "IBOVESPA - Close",
    "TRAINING_TIME": "0h:2m:53s:691ms",
    "TRAINING_EPOCHS": 40,
    "Metrics": {
        "Train_Repeat": {
            "Loss": null,
            "MAE": 0.012225615791976452,
            "MSE": 0.00023065709683578461,
            "MAPE": 1.4550572633743286,
            "RMSE": 0.015187399461865425
        },
        "Validation_Repeat": {
            "Loss": null,
            "MAE": 0.008867786265909672,
            "MSE": 0.00012879814312327653,
            "MAPE": 0.9110598564147949,
            "RMSE": 0.011348927393555641
        },
        "Test_Repeat": {
            "Loss": null,
            "MAE": 0.013968420214951038,
            "MSE": 0.0004119221994187683,
            "MAPE": 1.4911150932312012,
            "RMSE": 0.020295865833759308
        },
        "Train": {
            "Loss": 0.023122765123844147,
            "MAE": 0.023122768849134445,
            "MSE": 0.0007046859827823937,
            "MAPE": 26.377197265625,
            "RMSE": 0.026545921340584755
        },
        "Validation": {
            "Loss": 0.010775535367429256,
            "MAE": 0.010775536298751831,
            "MSE": 0.00019288396288175136,
            "MAPE": 1.145362138748169,
            "RMSE": 0.013888267800211906
        },
        "Test": {
            "Loss": 0.012683307752013206,
            "MAE": 0.012683307752013206,
            "MSE": 0.0002885577850975096,
            "MAPE": 1.384572148323059,
            "RMSE": 0.016986988484859467
        }
    }
}