{
    "EXPERIMENT_NUMBER": 1,
    "SUB_EXPERIMENT_NUMBER": 5,
    "MODEL_NAME": "Model_3",
    "TRAINING_SIZE": 7602,
    "VALIDATION_SIZE": 261,
    "TESTING_SIZE": 129,
    "RUN_MOMENT": "2025-04-15 00:33:07",
    "INPUT_WINDOW_SIZE": 40,
    "OUTPUT_WINDOW_SIZE": 5,
    "BATCH_SIZE": 32,
    "MAX_EPOCHS": 500,
    "LEARNING_RATE": 0.01,
    "PATIENCE": 10,
    "RANDOM_SEED": 26,
    "LOSS_FUNCTION": "MAE",
    "COLUMNS_TO_USE": [
        "IBOVESPA - Close %",
        "IBOVESPA - Spread %"
    ],
    "COLUMN_TO_PREDICT": "IBOVESPA - Close %",
    "TRAINING_TIME": "0h:3m:21s:50ms",
    "TRAINING_EPOCHS": 28,
    "Metrics": {
        "Train_Repeat": {
            "Loss": null,
            "MAE": 0.024050775915384293,
            "MSE": 0.0009069583611562848,
            "MAPE": 7.7706122398376465,
            "RMSE": 0.030115749686956406
        },
        "Validation_Repeat": {
            "Loss": null,
            "MAE": 0.017876142635941505,
            "MSE": 0.00048549353959970176,
            "MAPE": 5.599128723144531,
            "RMSE": 0.022033918648958206
        },
        "Test_Repeat": {
            "Loss": null,
            "MAE": 0.02099556289613247,
            "MSE": 0.0006891750963404775,
            "MAPE": 6.381918430328369,
            "RMSE": 0.02625214494764805
        },
        "Train": {
            "Loss": 0.028858717530965805,
            "MAE": 0.028858717530965805,
            "MSE": 0.0018098305445164442,
            "MAPE": 42179.88671875,
            "RMSE": 0.042542099952697754
        },
        "Validation": {
            "Loss": 0.012533060275018215,
            "MAE": 0.012533060275018215,
            "MSE": 0.0002461646217852831,
            "MAPE": 3.8562405109405518,
            "RMSE": 0.015689633786678314
        },
        "Test": {
            "Loss": 0.017573680728673935,
            "MAE": 0.017573680728673935,
            "MSE": 0.0005256845615804195,
            "MAPE": 5.437294006347656,
            "RMSE": 0.02292781136929989
        }
    }
}