{
    "EXPERIMENT_NUMBER": 1,
    "SUB_EXPERIMENT_NUMBER": 1,
    "MODEL_NAME": "Model_3",
    "TRAINING_SIZE": 7603,
    "VALIDATION_SIZE": 261,
    "TESTING_SIZE": 129,
    "RUN_MOMENT": "2025-04-14 22:37:24",
    "INPUT_WINDOW_SIZE": 40,
    "OUTPUT_WINDOW_SIZE": 5,
    "BATCH_SIZE": 32,
    "MAX_EPOCHS": 500,
    "LEARNING_RATE": 0.01,
    "PATIENCE": 10,
    "RANDOM_SEED": 246,
    "LOSS_FUNCTION": "MAE",
    "COLUMNS_TO_USE": [
        "IBOVESPA - Close"
    ],
    "COLUMN_TO_PREDICT": "IBOVESPA - Close",
    "TRAINING_TIME": "0h:1m:47s:303ms",
    "TRAINING_EPOCHS": 16,
    "Metrics": {
        "Train_Repeat": {
            "Loss": null,
            "MAE": 0.012225615791976452,
            "MSE": 0.00023065709683578461,
            "MAPE": 1.4550572633743286,
            "RMSE": 0.015187399461865425
        },
        "Validation_Repeat": {
            "Loss": null,
            "MAE": 0.008867786265909672,
            "MSE": 0.00012879814312327653,
            "MAPE": 0.9110598564147949,
            "RMSE": 0.011348927393555641
        },
        "Test_Repeat": {
            "Loss": null,
            "MAE": 0.013968420214951038,
            "MSE": 0.0004119221994187683,
            "MAPE": 1.4911150932312012,
            "RMSE": 0.020295865833759308
        },
        "Train": {
            "Loss": 0.040360402315855026,
            "MAE": 0.04036039859056473,
            "MSE": 0.0018414075020700693,
            "MAPE": 36.12315368652344,
            "RMSE": 0.04291162267327309
        },
        "Validation": {
            "Loss": 0.010453174822032452,
            "MAE": 0.010453174822032452,
            "MSE": 0.00016584552940912545,
            "MAPE": 1.12192702293396,
            "RMSE": 0.012878102250397205
        },
        "Test": {
            "Loss": 0.014280308037996292,
            "MAE": 0.014280306175351143,
            "MSE": 0.00031362802837975323,
            "MAPE": 1.5749120712280273,
            "RMSE": 0.01770954579114914
        }
    }
}