{
    "EXPERIMENT_NUMBER": 1,
    "SUB_EXPERIMENT_NUMBER": 1,
    "MODEL_NAME": "Model_1",
    "TRAINING_SIZE": 7603,
    "VALIDATION_SIZE": 261,
    "TESTING_SIZE": 129,
    "RUN_MOMENT": "2025-04-14 21:00:15",
    "INPUT_WINDOW_SIZE": 40,
    "OUTPUT_WINDOW_SIZE": 5,
    "BATCH_SIZE": 32,
    "MAX_EPOCHS": 500,
    "LEARNING_RATE": 0.01,
    "PATIENCE": 10,
    "RANDOM_SEED": 280,
    "LOSS_FUNCTION": "MAE",
    "COLUMNS_TO_USE": [
        "IBOVESPA - Close"
    ],
    "COLUMN_TO_PREDICT": "IBOVESPA - Close",
    "TRAINING_TIME": "0h:2m:30s:870ms",
    "TRAINING_EPOCHS": 32,
    "Metrics": {
        "Train_Repeat": {
            "Loss": null,
            "MAE": 0.012225615791976452,
            "MSE": 0.00023065709683578461,
            "MAPE": 1.4550572633743286,
            "RMSE": 0.015187399461865425
        },
        "Validation_Repeat": {
            "Loss": null,
            "MAE": 0.008867786265909672,
            "MSE": 0.00012879814312327653,
            "MAPE": 0.9110598564147949,
            "RMSE": 0.011348927393555641
        },
        "Test_Repeat": {
            "Loss": null,
            "MAE": 0.013968420214951038,
            "MSE": 0.0004119221994187683,
            "MAPE": 1.4911150932312012,
            "RMSE": 0.020295865833759308
        },
        "Train": {
            "Loss": 0.022741900756955147,
            "MAE": 0.022741900756955147,
            "MSE": 0.0007036621682345867,
            "MAPE": 26.18034553527832,
            "RMSE": 0.02652663178741932
        },
        "Validation": {
            "Loss": 0.011606419458985329,
            "MAE": 0.011606419458985329,
            "MSE": 0.00021639007900375873,
            "MAPE": 1.2307522296905518,
            "RMSE": 0.014710203744471073
        },
        "Test": {
            "Loss": 0.012643256224691868,
            "MAE": 0.012643256224691868,
            "MSE": 0.00028803141321986914,
            "MAPE": 1.3775116205215454,
            "RMSE": 0.016971487551927567
        }
    }
}