{
    "EXPERIMENT_NUMBER": 1,
    "SUB_EXPERIMENT_NUMBER": 2,
    "MODEL_NAME": "Model_3",
    "TRAINING_SIZE": 7603,
    "VALIDATION_SIZE": 261,
    "TESTING_SIZE": 129,
    "RUN_MOMENT": "2025-04-14 22:45:19",
    "INPUT_WINDOW_SIZE": 40,
    "OUTPUT_WINDOW_SIZE": 5,
    "BATCH_SIZE": 32,
    "MAX_EPOCHS": 500,
    "LEARNING_RATE": 0.01,
    "PATIENCE": 10,
    "RANDOM_SEED": 246,
    "LOSS_FUNCTION": "MAE",
    "COLUMNS_TO_USE": [
        "IBOVESPA - Close",
        "IBOVESPA - Spread"
    ],
    "COLUMN_TO_PREDICT": "IBOVESPA - Close",
    "TRAINING_TIME": "0h:4m:3s:277ms",
    "TRAINING_EPOCHS": 37,
    "Metrics": {
        "Train_Repeat": {
            "Loss": null,
            "MAE": 0.012225615791976452,
            "MSE": 0.00023065709683578461,
            "MAPE": 1.4550572633743286,
            "RMSE": 0.015187399461865425
        },
        "Validation_Repeat": {
            "Loss": null,
            "MAE": 0.008867786265909672,
            "MSE": 0.00012879814312327653,
            "MAPE": 0.9110598564147949,
            "RMSE": 0.011348927393555641
        },
        "Test_Repeat": {
            "Loss": null,
            "MAE": 0.013968420214951038,
            "MSE": 0.0004119221994187683,
            "MAPE": 1.4911150932312012,
            "RMSE": 0.020295865833759308
        },
        "Train": {
            "Loss": 0.02449974976480007,
            "MAE": 0.02449974976480007,
            "MSE": 0.000770274898968637,
            "MAPE": 25.46058464050293,
            "RMSE": 0.02775382623076439
        },
        "Validation": {
            "Loss": 0.01205869298428297,
            "MAE": 0.01205869298428297,
            "MSE": 0.00023382797371596098,
            "MAPE": 1.280295491218567,
            "RMSE": 0.015291434712707996
        },
        "Test": {
            "Loss": 0.013682027347385883,
            "MAE": 0.013682026416063309,
            "MSE": 0.0003318580274935812,
            "MAPE": 1.489440679550171,
            "RMSE": 0.018216971307992935
        }
    }
}