{
    "EXPERIMENT_NUMBER": 1,
    "SUB_EXPERIMENT_NUMBER": 6,
    "MODEL_NAME": "Model_2",
    "TRAINING_SIZE": 7602,
    "VALIDATION_SIZE": 261,
    "TESTING_SIZE": 129,
    "RUN_MOMENT": "2025-04-15 00:38:09",
    "INPUT_WINDOW_SIZE": 40,
    "OUTPUT_WINDOW_SIZE": 5,
    "BATCH_SIZE": 32,
    "MAX_EPOCHS": 500,
    "LEARNING_RATE": 0.01,
    "PATIENCE": 10,
    "RANDOM_SEED": 26,
    "LOSS_FUNCTION": "MAE",
    "COLUMNS_TO_USE": [
        "IBOVESPA - Close %",
        "IBOVESPA - High %",
        "IBOVESPA - Low %",
        "IBOVESPA - Open %"
    ],
    "COLUMN_TO_PREDICT": "IBOVESPA - Close %",
    "TRAINING_TIME": "0h:3m:38s:516ms",
    "TRAINING_EPOCHS": 30,
    "Metrics": {
        "Train_Repeat": {
            "Loss": null,
            "MAE": 0.024050775915384293,
            "MSE": 0.0009069583611562848,
            "MAPE": 7.7706122398376465,
            "RMSE": 0.030115749686956406
        },
        "Validation_Repeat": {
            "Loss": null,
            "MAE": 0.017876142635941505,
            "MSE": 0.00048549353959970176,
            "MAPE": 5.599128723144531,
            "RMSE": 0.022033918648958206
        },
        "Test_Repeat": {
            "Loss": null,
            "MAE": 0.02099556289613247,
            "MSE": 0.0006891750963404775,
            "MAPE": 6.381918430328369,
            "RMSE": 0.02625214494764805
        },
        "Train": {
            "Loss": 0.028544126078486443,
            "MAE": 0.02854412980377674,
            "MSE": 0.0017944659339264035,
            "MAPE": 42284.33203125,
            "RMSE": 0.04236113652586937
        },
        "Validation": {
            "Loss": 0.012065032497048378,
            "MAE": 0.012065032497048378,
            "MSE": 0.000230350109632127,
            "MAPE": 3.7362780570983887,
            "RMSE": 0.015177290886640549
        },
        "Test": {
            "Loss": 0.01709253154695034,
            "MAE": 0.01709253154695034,
            "MSE": 0.0005094563821330667,
            "MAPE": 5.324618816375732,
            "RMSE": 0.02257114090025425
        }
    }
}