{
    "EXPERIMENT_NUMBER": 1,
    "SUB_EXPERIMENT_NUMBER": 7,
    "MODEL_NAME": "Model_2",
    "TRAINING_SIZE": 7602,
    "VALIDATION_SIZE": 261,
    "TESTING_SIZE": 129,
    "RUN_MOMENT": "2025-04-14 20:05:20",
    "INPUT_WINDOW_SIZE": 4,
    "OUTPUT_WINDOW_SIZE": 1,
    "BATCH_SIZE": 32,
    "MAX_EPOCHS": 500,
    "LEARNING_RATE": 0.01,
    "PATIENCE": 10,
    "RANDOM_SEED": 937,
    "LOSS_FUNCTION": "MAE",
    "COLUMNS_TO_USE": [
        "IBOVESPA - Close",
        "IBOVESPA - Close %"
    ],
    "COLUMN_TO_PREDICT": "IBOVESPA - Close",
    "TRAINING_TIME": "0h:0m:57s:750ms",
    "TRAINING_EPOCHS": 34,
    "Metrics": {
        "Train_Repeat": {
            "Loss": null,
            "MAE": 0.006005511619150639,
            "MSE": 6.263021350605413e-05,
            "MAPE": 0.7072149515151978,
            "RMSE": 0.007913925684988499
        },
        "Validation_Repeat": {
            "Loss": null,
            "MAE": 0.0,
            "MSE": 0.0,
            "MAPE": 0.0,
            "RMSE": 0.0
        },
        "Test_Repeat": {
            "Loss": null,
            "MAE": 0.006717351730912924,
            "MSE": 7.532560994150117e-05,
            "MAPE": 0.7215718626976013,
            "RMSE": 0.008679032325744629
        },
        "Train": {
            "Loss": 0.02753736637532711,
            "MAE": 0.02753736637532711,
            "MSE": 0.001199551043100655,
            "MAPE": 62.497215270996094,
            "RMSE": 0.034634534269571304
        },
        "Validation": {
            "Loss": 0.008702235296368599,
            "MAE": 0.008702235296368599,
            "MSE": 0.0001220644116983749,
            "MAPE": 0.9359789490699768,
            "RMSE": 0.011048275977373123
        },
        "Test": {
            "Loss": 0.008476579561829567,
            "MAE": 0.008476579561829567,
            "MSE": 0.00010889834084082395,
            "MAPE": 0.9216623306274414,
            "RMSE": 0.010435436852276325
        }
    }
}