{
    "EXPERIMENT_NUMBER": 1,
    "SUB_EXPERIMENT_NUMBER": 7,
    "MODEL_NAME": "Model_2",
    "TRAINING_SIZE": 7602,
    "VALIDATION_SIZE": 261,
    "TESTING_SIZE": 129,
    "RUN_MOMENT": "2025-04-15 00:48:15",
    "INPUT_WINDOW_SIZE": 40,
    "OUTPUT_WINDOW_SIZE": 5,
    "BATCH_SIZE": 32,
    "MAX_EPOCHS": 500,
    "LEARNING_RATE": 0.01,
    "PATIENCE": 10,
    "RANDOM_SEED": 26,
    "LOSS_FUNCTION": "MAE",
    "COLUMNS_TO_USE": [
        "IBOVESPA - Close",
        "IBOVESPA - Close %"
    ],
    "COLUMN_TO_PREDICT": "IBOVESPA - Close",
    "TRAINING_TIME": "0h:4m:46s:303ms",
    "TRAINING_EPOCHS": 37,
    "Metrics": {
        "Train_Repeat": {
            "Loss": null,
            "MAE": 0.012682771310210228,
            "MSE": 0.00024386293080169708,
            "MAPE": 1.5115547180175781,
            "RMSE": 0.01561611145734787
        },
        "Validation_Repeat": {
            "Loss": null,
            "MAE": 0.008867786265909672,
            "MSE": 0.00012879814312327653,
            "MAPE": 0.9110598564147949,
            "RMSE": 0.011348927393555641
        },
        "Test_Repeat": {
            "Loss": null,
            "MAE": 0.013968420214951038,
            "MSE": 0.0004119221994187683,
            "MAPE": 1.4911150932312012,
            "RMSE": 0.020295865833759308
        },
        "Train": {
            "Loss": 0.03646474331617355,
            "MAE": 0.03646474331617355,
            "MSE": 0.0015904142055660486,
            "MAPE": 43.180442810058594,
            "RMSE": 0.03988000005483627
        },
        "Validation": {
            "Loss": 0.014156360179185867,
            "MAE": 0.014156360179185867,
            "MSE": 0.0003205404500477016,
            "MAPE": 1.4933205842971802,
            "RMSE": 0.01790364272892475
        },
        "Test": {
            "Loss": 0.013231199234724045,
            "MAE": 0.013231199234724045,
            "MSE": 0.0002857869549188763,
            "MAPE": 1.4461098909378052,
            "RMSE": 0.01690523512661457
        }
    }
}