{
    "EXPERIMENT_NUMBER": 1,
    "SUB_EXPERIMENT_NUMBER": 8,
    "MODEL_NAME": "Model_3",
    "TRAINING_SIZE": 7602,
    "VALIDATION_SIZE": 261,
    "TESTING_SIZE": 129,
    "RUN_MOMENT": "2025-04-14 20:43:32",
    "INPUT_WINDOW_SIZE": 4,
    "OUTPUT_WINDOW_SIZE": 1,
    "BATCH_SIZE": 32,
    "MAX_EPOCHS": 500,
    "LEARNING_RATE": 0.01,
    "PATIENCE": 10,
    "RANDOM_SEED": 453,
    "LOSS_FUNCTION": "MAE",
    "COLUMNS_TO_USE": [
        "IBOVESPA - Close",
        "IBOVESPA - Close %",
        "IBOVESPA - Spread %"
    ],
    "COLUMN_TO_PREDICT": "IBOVESPA - Close",
    "TRAINING_TIME": "0h:2m:10s:228ms",
    "TRAINING_EPOCHS": 58,
    "Metrics": {
        "Train_Repeat": {
            "Loss": null,
            "MAE": 0.006005511619150639,
            "MSE": 6.263021350605413e-05,
            "MAPE": 0.7072149515151978,
            "RMSE": 0.007913925684988499
        },
        "Validation_Repeat": {
            "Loss": null,
            "MAE": 0.0,
            "MSE": 0.0,
            "MAPE": 0.0,
            "RMSE": 0.0
        },
        "Test_Repeat": {
            "Loss": null,
            "MAE": 0.006717351730912924,
            "MSE": 7.532560994150117e-05,
            "MAPE": 0.7215718626976013,
            "RMSE": 0.008679032325744629
        },
        "Train": {
            "Loss": 0.007832977920770645,
            "MAE": 0.007832977920770645,
            "MSE": 8.810498547973111e-05,
            "MAPE": 9.424113273620605,
            "RMSE": 0.009386425837874413
        },
        "Validation": {
            "Loss": 0.005791586358100176,
            "MAE": 0.005791586358100176,
            "MSE": 5.1132567023159936e-05,
            "MAPE": 0.6290961503982544,
            "RMSE": 0.00715070404112339
        },
        "Test": {
            "Loss": 0.006954933982342482,
            "MAE": 0.006954933982342482,
            "MSE": 8.559754496673122e-05,
            "MAPE": 0.7589477896690369,
            "RMSE": 0.009251894429326057
        }
    }
}