{
    "EXPERIMENT_NUMBER": 1,
    "SUB_EXPERIMENT_NUMBER": 7,
    "MODEL_NAME": "Model_3",
    "TRAINING_SIZE": 7602,
    "VALIDATION_SIZE": 261,
    "TESTING_SIZE": 129,
    "RUN_MOMENT": "2025-04-14 20:39:55",
    "INPUT_WINDOW_SIZE": 4,
    "OUTPUT_WINDOW_SIZE": 1,
    "BATCH_SIZE": 32,
    "MAX_EPOCHS": 500,
    "LEARNING_RATE": 0.01,
    "PATIENCE": 10,
    "RANDOM_SEED": 453,
    "LOSS_FUNCTION": "MAE",
    "COLUMNS_TO_USE": [
        "IBOVESPA - Close",
        "IBOVESPA - Close %"
    ],
    "COLUMN_TO_PREDICT": "IBOVESPA - Close",
    "TRAINING_TIME": "0h:0m:42s:439ms",
    "TRAINING_EPOCHS": 22,
    "Metrics": {
        "Train_Repeat": {
            "Loss": null,
            "MAE": 0.006005511619150639,
            "MSE": 6.263021350605413e-05,
            "MAPE": 0.7072149515151978,
            "RMSE": 0.007913925684988499
        },
        "Validation_Repeat": {
            "Loss": null,
            "MAE": 0.0,
            "MSE": 0.0,
            "MAPE": 0.0,
            "RMSE": 0.0
        },
        "Test_Repeat": {
            "Loss": null,
            "MAE": 0.006717351730912924,
            "MSE": 7.532560994150117e-05,
            "MAPE": 0.7215718626976013,
            "RMSE": 0.008679032325744629
        },
        "Train": {
            "Loss": 0.02900845557451248,
            "MAE": 0.02900845557451248,
            "MSE": 0.0009414899395778775,
            "MAPE": 38.25741195678711,
            "RMSE": 0.03068370744585991
        },
        "Validation": {
            "Loss": 0.007001711521297693,
            "MAE": 0.007001711521297693,
            "MSE": 7.528746937168762e-05,
            "MAPE": 0.7681490778923035,
            "RMSE": 0.008676835335791111
        },
        "Test": {
            "Loss": 0.008288875222206116,
            "MAE": 0.008288875222206116,
            "MSE": 0.00011019878002116457,
            "MAPE": 0.9101173281669617,
            "RMSE": 0.01049756072461605
        }
    }
}