{
    "EXPERIMENT_NUMBER": 1,
    "SUB_EXPERIMENT_NUMBER": 2,
    "MODEL_NAME": "Model_2",
    "TRAINING_SIZE": 7603,
    "VALIDATION_SIZE": 261,
    "TESTING_SIZE": 129,
    "RUN_MOMENT": "2025-04-14 21:11:54",
    "INPUT_WINDOW_SIZE": 40,
    "OUTPUT_WINDOW_SIZE": 5,
    "BATCH_SIZE": 32,
    "MAX_EPOCHS": 500,
    "LEARNING_RATE": 0.01,
    "PATIENCE": 10,
    "RANDOM_SEED": 280,
    "LOSS_FUNCTION": "MAE",
    "COLUMNS_TO_USE": [
        "IBOVESPA - Close",
        "IBOVESPA - Spread"
    ],
    "COLUMN_TO_PREDICT": "IBOVESPA - Close",
    "TRAINING_TIME": "0h:2m:36s:697ms",
    "TRAINING_EPOCHS": 18,
    "Metrics": {
        "Train_Repeat": {
            "Loss": null,
            "MAE": 0.012225615791976452,
            "MSE": 0.00023065709683578461,
            "MAPE": 1.4550572633743286,
            "RMSE": 0.015187399461865425
        },
        "Validation_Repeat": {
            "Loss": null,
            "MAE": 0.008867786265909672,
            "MSE": 0.00012879814312327653,
            "MAPE": 0.9110598564147949,
            "RMSE": 0.011348927393555641
        },
        "Test_Repeat": {
            "Loss": null,
            "MAE": 0.013968420214951038,
            "MSE": 0.0004119221994187683,
            "MAPE": 1.4911150932312012,
            "RMSE": 0.020295865833759308
        },
        "Train": {
            "Loss": 0.4773087203502655,
            "MAE": 0.4773087203502655,
            "MSE": 0.2877048850059509,
            "MAPE": 576.7491455078125,
            "RMSE": 0.5363813042640686
        },
        "Validation": {
            "Loss": 0.11277841031551361,
            "MAE": 0.11277841031551361,
            "MSE": 0.013561253435909748,
            "MAPE": 11.98232364654541,
            "RMSE": 0.11645279824733734
        },
        "Test": {
            "Loss": 0.08637940138578415,
            "MAE": 0.08637940138578415,
            "MSE": 0.008186050690710545,
            "MAPE": 9.433412551879883,
            "RMSE": 0.09047679603099823
        }
    }
}