{
    "EXPERIMENT_NUMBER": 1,
    "SUB_EXPERIMENT_NUMBER": 8,
    "MODEL_NAME": "Model_1",
    "TRAINING_SIZE": 7602,
    "VALIDATION_SIZE": 261,
    "TESTING_SIZE": 129,
    "RUN_MOMENT": "2025-04-14 20:40:57",
    "INPUT_WINDOW_SIZE": 4,
    "OUTPUT_WINDOW_SIZE": 1,
    "BATCH_SIZE": 32,
    "MAX_EPOCHS": 500,
    "LEARNING_RATE": 0.01,
    "PATIENCE": 10,
    "RANDOM_SEED": 453,
    "LOSS_FUNCTION": "MAE",
    "COLUMNS_TO_USE": [
        "IBOVESPA - Close",
        "IBOVESPA - Close %",
        "IBOVESPA - Spread %"
    ],
    "COLUMN_TO_PREDICT": "IBOVESPA - Close",
    "TRAINING_TIME": "0h:0m:39s:312ms",
    "TRAINING_EPOCHS": 19,
    "Metrics": {
        "Train_Repeat": {
            "Loss": null,
            "MAE": 0.006005511619150639,
            "MSE": 6.263021350605413e-05,
            "MAPE": 0.7072149515151978,
            "RMSE": 0.007913925684988499
        },
        "Validation_Repeat": {
            "Loss": null,
            "MAE": 0.0,
            "MSE": 0.0,
            "MAPE": 0.0,
            "RMSE": 0.0
        },
        "Test_Repeat": {
            "Loss": null,
            "MAE": 0.006717351730912924,
            "MSE": 7.532560994150117e-05,
            "MAPE": 0.7215718626976013,
            "RMSE": 0.008679032325744629
        },
        "Train": {
            "Loss": 0.017939245328307152,
            "MAE": 0.017939245328307152,
            "MSE": 0.0004815398424398154,
            "MAPE": 34.72121810913086,
            "RMSE": 0.021944016218185425
        },
        "Validation": {
            "Loss": 0.008168741129338741,
            "MAE": 0.008168741129338741,
            "MSE": 0.00010235828085569665,
            "MAPE": 0.8747391104698181,
            "RMSE": 0.010117227211594582
        },
        "Test": {
            "Loss": 0.008442232385277748,
            "MAE": 0.008442232385277748,
            "MSE": 0.0001134421763708815,
            "MAPE": 0.9128702878952026,
            "RMSE": 0.01065092347562313
        }
    }
}