{
    "EXPERIMENT_NUMBER": 1,
    "SUB_EXPERIMENT_NUMBER": 5,
    "MODEL_NAME": "Model_3",
    "TRAINING_SIZE": 7602,
    "VALIDATION_SIZE": 261,
    "TESTING_SIZE": 129,
    "RUN_MOMENT": "2025-04-14 23:10:52",
    "INPUT_WINDOW_SIZE": 40,
    "OUTPUT_WINDOW_SIZE": 5,
    "BATCH_SIZE": 32,
    "MAX_EPOCHS": 500,
    "LEARNING_RATE": 0.01,
    "PATIENCE": 10,
    "RANDOM_SEED": 246,
    "LOSS_FUNCTION": "MAE",
    "COLUMNS_TO_USE": [
        "IBOVESPA - Close %",
        "IBOVESPA - Spread %"
    ],
    "COLUMN_TO_PREDICT": "IBOVESPA - Close %",
    "TRAINING_TIME": "0h:2m:29s:529ms",
    "TRAINING_EPOCHS": 21,
    "Metrics": {
        "Train_Repeat": {
            "Loss": null,
            "MAE": 0.024050775915384293,
            "MSE": 0.0009069583611562848,
            "MAPE": 7.7706122398376465,
            "RMSE": 0.030115749686956406
        },
        "Validation_Repeat": {
            "Loss": null,
            "MAE": 0.017876142635941505,
            "MSE": 0.00048549353959970176,
            "MAPE": 5.599128723144531,
            "RMSE": 0.022033918648958206
        },
        "Test_Repeat": {
            "Loss": null,
            "MAE": 0.02099556289613247,
            "MSE": 0.0006891750963404775,
            "MAPE": 6.381918430328369,
            "RMSE": 0.02625214494764805
        },
        "Train": {
            "Loss": 0.02880316972732544,
            "MAE": 0.02880316972732544,
            "MSE": 0.001806275569833815,
            "MAPE": 42249.59375,
            "RMSE": 0.04250030219554901
        },
        "Validation": {
            "Loss": 0.012472766451537609,
            "MAE": 0.012472766451537609,
            "MSE": 0.00024402230337727815,
            "MAPE": 3.84167742729187,
            "RMSE": 0.015621215105056763
        },
        "Test": {
            "Loss": 0.01751330867409706,
            "MAE": 0.01751330867409706,
            "MSE": 0.0005240909522399306,
            "MAPE": 5.424820899963379,
            "RMSE": 0.022893032059073448
        }
    }
}