{
    "EXPERIMENT_NUMBER": 1,
    "SUB_EXPERIMENT_NUMBER": 1,
    "MODEL_NAME": "Model_1",
    "TRAINING_SIZE": 7603,
    "VALIDATION_SIZE": 261,
    "TESTING_SIZE": 129,
    "RUN_MOMENT": "2025-04-14 20:19:18",
    "INPUT_WINDOW_SIZE": 4,
    "OUTPUT_WINDOW_SIZE": 1,
    "BATCH_SIZE": 32,
    "MAX_EPOCHS": 500,
    "LEARNING_RATE": 0.01,
    "PATIENCE": 10,
    "RANDOM_SEED": 453,
    "LOSS_FUNCTION": "MAE",
    "COLUMNS_TO_USE": [
        "IBOVESPA - Close"
    ],
    "COLUMN_TO_PREDICT": "IBOVESPA - Close",
    "TRAINING_TIME": "0h:1m:12s:561ms",
    "TRAINING_EPOCHS": 46,
    "Metrics": {
        "Train_Repeat": {
            "Loss": null,
            "MAE": 0.006142390426248312,
            "MSE": 6.263914110604674e-05,
            "MAPE": 0.7226079702377319,
            "RMSE": 0.007914489135146141
        },
        "Validation_Repeat": {
            "Loss": null,
            "MAE": 0.0,
            "MSE": 0.0,
            "MAPE": 0.0,
            "RMSE": 0.0
        },
        "Test_Repeat": {
            "Loss": null,
            "MAE": 0.006717351730912924,
            "MSE": 7.532560994150117e-05,
            "MAPE": 0.7215718626976013,
            "RMSE": 0.008679032325744629
        },
        "Train": {
            "Loss": 0.015513415448367596,
            "MAE": 0.015513415448367596,
            "MSE": 0.0003146481467410922,
            "MAPE": 25.392824172973633,
            "RMSE": 0.017738323658704758
        },
        "Validation": {
            "Loss": 0.006030488293617964,
            "MAE": 0.006030488293617964,
            "MSE": 5.5160107876872644e-05,
            "MAPE": 0.6552063822746277,
            "RMSE": 0.007426985073834658
        },
        "Test": {
            "Loss": 0.007043519057333469,
            "MAE": 0.007043519057333469,
            "MSE": 8.650873496662825e-05,
            "MAPE": 0.7697538733482361,
            "RMSE": 0.00930100679397583
        }
    }
}