{
    "EXPERIMENT_NUMBER": 1,
    "SUB_EXPERIMENT_NUMBER": 2,
    "MODEL_NAME": "Model_1",
    "TRAINING_SIZE": 7603,
    "VALIDATION_SIZE": 261,
    "TESTING_SIZE": 129,
    "RUN_MOMENT": "2025-04-14 19:29:55",
    "INPUT_WINDOW_SIZE": 4,
    "OUTPUT_WINDOW_SIZE": 1,
    "BATCH_SIZE": 32,
    "MAX_EPOCHS": 500,
    "LEARNING_RATE": 0.01,
    "PATIENCE": 10,
    "RANDOM_SEED": 259,
    "LOSS_FUNCTION": "MAE",
    "COLUMNS_TO_USE": [
        "IBOVESPA - Close",
        "IBOVESPA - Spread"
    ],
    "COLUMN_TO_PREDICT": "IBOVESPA - Close",
    "TRAINING_TIME": "0h:1m:18s:884ms",
    "TRAINING_EPOCHS": 50,
    "Metrics": {
        "Train_Repeat": {
            "Loss": null,
            "MAE": 0.006142390426248312,
            "MSE": 6.263914110604674e-05,
            "MAPE": 0.7226079702377319,
            "RMSE": 0.007914489135146141
        },
        "Validation_Repeat": {
            "Loss": null,
            "MAE": 0.0,
            "MSE": 0.0,
            "MAPE": 0.0,
            "RMSE": 0.0
        },
        "Test_Repeat": {
            "Loss": null,
            "MAE": 0.006717351730912924,
            "MSE": 7.532560994150117e-05,
            "MAPE": 0.7215718626976013,
            "RMSE": 0.008679032325744629
        },
        "Train": {
            "Loss": 0.008188464678823948,
            "MAE": 0.008188464678823948,
            "MSE": 9.325613791588694e-05,
            "MAPE": 8.117080688476562,
            "RMSE": 0.009656921960413456
        },
        "Validation": {
            "Loss": 0.005889526102691889,
            "MAE": 0.005889526102691889,
            "MSE": 5.389067155192606e-05,
            "MAPE": 0.6389039158821106,
            "RMSE": 0.007341026794165373
        },
        "Test": {
            "Loss": 0.00679552648216486,
            "MAE": 0.00679552648216486,
            "MSE": 8.150440407916903e-05,
            "MAPE": 0.741288423538208,
            "RMSE": 0.009027979336678982
        }
    }
}