{
    "EXPERIMENT_NUMBER": 1,
    "SUB_EXPERIMENT_NUMBER": 9,
    "MODEL_NAME": "Model_3",
    "TRAINING_SIZE": 7602,
    "VALIDATION_SIZE": 261,
    "TESTING_SIZE": 129,
    "RUN_MOMENT": "2025-04-14 20:14:55",
    "INPUT_WINDOW_SIZE": 4,
    "OUTPUT_WINDOW_SIZE": 1,
    "BATCH_SIZE": 32,
    "MAX_EPOCHS": 500,
    "LEARNING_RATE": 0.01,
    "PATIENCE": 10,
    "RANDOM_SEED": 937,
    "LOSS_FUNCTION": "MAE",
    "COLUMNS_TO_USE": [
        "IBOVESPA - Close",
        "IBOVESPA - Close %",
        "IBOVESPA - High %",
        "IBOVESPA - Low %",
        "IBOVESPA - Open %"
    ],
    "COLUMN_TO_PREDICT": "IBOVESPA - Close",
    "TRAINING_TIME": "0h:0m:52s:89ms",
    "TRAINING_EPOCHS": 29,
    "Metrics": {
        "Train_Repeat": {
            "Loss": null,
            "MAE": 0.006005511619150639,
            "MSE": 6.263021350605413e-05,
            "MAPE": 0.7072149515151978,
            "RMSE": 0.007913925684988499
        },
        "Validation_Repeat": {
            "Loss": null,
            "MAE": 0.0,
            "MSE": 0.0,
            "MAPE": 0.0,
            "RMSE": 0.0
        },
        "Test_Repeat": {
            "Loss": null,
            "MAE": 0.006717351730912924,
            "MSE": 7.532560994150117e-05,
            "MAPE": 0.7215718626976013,
            "RMSE": 0.008679032325744629
        },
        "Train": {
            "Loss": 0.01994822546839714,
            "MAE": 0.01994822546839714,
            "MSE": 0.0005094018415547907,
            "MAPE": 32.6444091796875,
            "RMSE": 0.0225699320435524
        },
        "Validation": {
            "Loss": 0.006255369633436203,
            "MAE": 0.006255369633436203,
            "MSE": 5.910848267376423e-05,
            "MAPE": 0.6822233200073242,
            "RMSE": 0.007688204292207956
        },
        "Test": {
            "Loss": 0.007651857100427151,
            "MAE": 0.007651857100427151,
            "MSE": 9.668318671174347e-05,
            "MAPE": 0.8373786807060242,
            "RMSE": 0.009832761250436306
        }
    }
}