{
    "EXPERIMENT_NUMBER": 1,
    "SUB_EXPERIMENT_NUMBER": 1,
    "MODEL_NAME": "Model_1",
    "TRAINING_SIZE": 7603,
    "VALIDATION_SIZE": 261,
    "TESTING_SIZE": 129,
    "RUN_MOMENT": "2025-04-14 18:44:15",
    "INPUT_WINDOW_SIZE": 4,
    "OUTPUT_WINDOW_SIZE": 1,
    "BATCH_SIZE": 32,
    "MAX_EPOCHS": 500,
    "LEARNING_RATE": 0.01,
    "PATIENCE": 10,
    "RANDOM_SEED": 509,
    "LOSS_FUNCTION": "MAE",
    "COLUMNS_TO_USE": [
        "IBOVESPA - Close"
    ],
    "COLUMN_TO_PREDICT": "IBOVESPA - Close",
    "TRAINING_TIME": "0h:1m:0s:119ms",
    "TRAINING_EPOCHS": 37,
    "Metrics": {
        "Train_Repeat": {
            "Loss": null,
            "MAE": 0.006142390426248312,
            "MSE": 6.263914110604674e-05,
            "MAPE": 0.7226079702377319,
            "RMSE": 0.007914489135146141
        },
        "Validation_Repeat": {
            "Loss": null,
            "MAE": 0.0,
            "MSE": 0.0,
            "MAPE": 0.0,
            "RMSE": 0.0
        },
        "Test_Repeat": {
            "Loss": null,
            "MAE": 0.006717351730912924,
            "MSE": 7.532560994150117e-05,
            "MAPE": 0.7215718626976013,
            "RMSE": 0.008679032325744629
        },
        "Train": {
            "Loss": 0.01399427093565464,
            "MAE": 0.01399427093565464,
            "MSE": 0.0002603599277790636,
            "MAPE": 22.852449417114258,
            "RMSE": 0.016135672107338905
        },
        "Validation": {
            "Loss": 0.007433865685015917,
            "MAE": 0.007433865685015917,
            "MSE": 8.632570825284347e-05,
            "MAPE": 0.7976303100585938,
            "RMSE": 0.009291162714362144
        },
        "Test": {
            "Loss": 0.007920926436781883,
            "MAE": 0.007920926436781883,
            "MSE": 0.00010308821219950914,
            "MAPE": 0.8573588728904724,
            "RMSE": 0.010153236798942089
        }
    }
}