{
    "EXPERIMENT_NUMBER": 1,
    "SUB_EXPERIMENT_NUMBER": 5,
    "MODEL_NAME": "Model_2",
    "TRAINING_SIZE": 7602,
    "VALIDATION_SIZE": 261,
    "TESTING_SIZE": 129,
    "RUN_MOMENT": "2025-04-14 23:07:56",
    "INPUT_WINDOW_SIZE": 40,
    "OUTPUT_WINDOW_SIZE": 5,
    "BATCH_SIZE": 32,
    "MAX_EPOCHS": 500,
    "LEARNING_RATE": 0.01,
    "PATIENCE": 10,
    "RANDOM_SEED": 246,
    "LOSS_FUNCTION": "MAE",
    "COLUMNS_TO_USE": [
        "IBOVESPA - Close %",
        "IBOVESPA - Spread %"
    ],
    "COLUMN_TO_PREDICT": "IBOVESPA - Close %",
    "TRAINING_TIME": "0h:2m:31s:911ms",
    "TRAINING_EPOCHS": 20,
    "Metrics": {
        "Train_Repeat": {
            "Loss": null,
            "MAE": 0.024050775915384293,
            "MSE": 0.0009069583611562848,
            "MAPE": 7.7706122398376465,
            "RMSE": 0.030115749686956406
        },
        "Validation_Repeat": {
            "Loss": null,
            "MAE": 0.017876142635941505,
            "MSE": 0.00048549353959970176,
            "MAPE": 5.599128723144531,
            "RMSE": 0.022033918648958206
        },
        "Test_Repeat": {
            "Loss": null,
            "MAE": 0.02099556289613247,
            "MSE": 0.0006891750963404775,
            "MAPE": 6.381918430328369,
            "RMSE": 0.02625214494764805
        },
        "Train": {
            "Loss": 0.028758173808455467,
            "MAE": 0.028758173808455467,
            "MSE": 0.001806701417081058,
            "MAPE": 42155.59765625,
            "RMSE": 0.042505308985710144
        },
        "Validation": {
            "Loss": 0.012356659397482872,
            "MAE": 0.012356659397482872,
            "MSE": 0.00023999826225917786,
            "MAPE": 3.8098626136779785,
            "RMSE": 0.015491877682507038
        },
        "Test": {
            "Loss": 0.01742839440703392,
            "MAE": 0.01742839440703392,
            "MSE": 0.0005202707834541798,
            "MAPE": 5.404416561126709,
            "RMSE": 0.02280944585800171
        }
    }
}