{
    "EXPERIMENT_NUMBER": 1,
    "SUB_EXPERIMENT_NUMBER": 2,
    "MODEL_NAME": "Model_3",
    "TRAINING_SIZE": 7603,
    "VALIDATION_SIZE": 261,
    "TESTING_SIZE": 129,
    "RUN_MOMENT": "2025-04-14 19:32:58",
    "INPUT_WINDOW_SIZE": 4,
    "OUTPUT_WINDOW_SIZE": 1,
    "BATCH_SIZE": 32,
    "MAX_EPOCHS": 500,
    "LEARNING_RATE": 0.01,
    "PATIENCE": 10,
    "RANDOM_SEED": 259,
    "LOSS_FUNCTION": "MAE",
    "COLUMNS_TO_USE": [
        "IBOVESPA - Close",
        "IBOVESPA - Spread"
    ],
    "COLUMN_TO_PREDICT": "IBOVESPA - Close",
    "TRAINING_TIME": "0h:0m:42s:73ms",
    "TRAINING_EPOCHS": 23,
    "Metrics": {
        "Train_Repeat": {
            "Loss": null,
            "MAE": 0.006142390426248312,
            "MSE": 6.263914110604674e-05,
            "MAPE": 0.7226079702377319,
            "RMSE": 0.007914489135146141
        },
        "Validation_Repeat": {
            "Loss": null,
            "MAE": 0.0,
            "MSE": 0.0,
            "MAPE": 0.0,
            "RMSE": 0.0
        },
        "Test_Repeat": {
            "Loss": null,
            "MAE": 0.006717351730912924,
            "MSE": 7.532560994150117e-05,
            "MAPE": 0.7215718626976013,
            "RMSE": 0.008679032325744629
        },
        "Train": {
            "Loss": 0.01955067552626133,
            "MAE": 0.01955067552626133,
            "MSE": 0.00045809484436176717,
            "MAPE": 30.131576538085938,
            "RMSE": 0.021403150632977486
        },
        "Validation": {
            "Loss": 0.00784461572766304,
            "MAE": 0.00784461572766304,
            "MSE": 9.699985821498558e-05,
            "MAPE": 0.8411888480186462,
            "RMSE": 0.009848850779235363
        },
        "Test": {
            "Loss": 0.00799746997654438,
            "MAE": 0.00799746997654438,
            "MSE": 0.00010233458306174725,
            "MAPE": 0.8656224012374878,
            "RMSE": 0.010116055607795715
        }
    }
}