{
    "EXPERIMENT_NUMBER": 1,
    "SUB_EXPERIMENT_NUMBER": 6,
    "MODEL_NAME": "Model_3",
    "TRAINING_SIZE": 7602,
    "VALIDATION_SIZE": 261,
    "TESTING_SIZE": 129,
    "RUN_MOMENT": "2025-04-14 23:20:58",
    "INPUT_WINDOW_SIZE": 40,
    "OUTPUT_WINDOW_SIZE": 5,
    "BATCH_SIZE": 32,
    "MAX_EPOCHS": 500,
    "LEARNING_RATE": 0.01,
    "PATIENCE": 10,
    "RANDOM_SEED": 246,
    "LOSS_FUNCTION": "MAE",
    "COLUMNS_TO_USE": [
        "IBOVESPA - Close %",
        "IBOVESPA - High %",
        "IBOVESPA - Low %",
        "IBOVESPA - Open %"
    ],
    "COLUMN_TO_PREDICT": "IBOVESPA - Close %",
    "TRAINING_TIME": "0h:1m:44s:112ms",
    "TRAINING_EPOCHS": 15,
    "Metrics": {
        "Train_Repeat": {
            "Loss": null,
            "MAE": 0.024050775915384293,
            "MSE": 0.0009069583611562848,
            "MAPE": 7.7706122398376465,
            "RMSE": 0.030115749686956406
        },
        "Validation_Repeat": {
            "Loss": null,
            "MAE": 0.017876142635941505,
            "MSE": 0.00048549353959970176,
            "MAPE": 5.599128723144531,
            "RMSE": 0.022033918648958206
        },
        "Test_Repeat": {
            "Loss": null,
            "MAE": 0.02099556289613247,
            "MSE": 0.0006891750963404775,
            "MAPE": 6.381918430328369,
            "RMSE": 0.02625214494764805
        },
        "Train": {
            "Loss": 0.02886701002717018,
            "MAE": 0.02886701002717018,
            "MSE": 0.0018121262546628714,
            "MAPE": 42332.27734375,
            "RMSE": 0.04256907477974892
        },
        "Validation": {
            "Loss": 0.012509713880717754,
            "MAE": 0.012509713880717754,
            "MSE": 0.0002448527957312763,
            "MAPE": 3.849745750427246,
            "RMSE": 0.015647772699594498
        },
        "Test": {
            "Loss": 0.017552992329001427,
            "MAE": 0.017552992329001427,
            "MSE": 0.0005254735588096082,
            "MAPE": 5.432126045227051,
            "RMSE": 0.022923210635781288
        }
    }
}