{
    "EXPERIMENT_NUMBER": 1,
    "SUB_EXPERIMENT_NUMBER": 7,
    "MODEL_NAME": "Model_3",
    "TRAINING_SIZE": 7602,
    "VALIDATION_SIZE": 261,
    "TESTING_SIZE": 129,
    "RUN_MOMENT": "2025-04-14 19:07:32",
    "INPUT_WINDOW_SIZE": 4,
    "OUTPUT_WINDOW_SIZE": 1,
    "BATCH_SIZE": 32,
    "MAX_EPOCHS": 500,
    "LEARNING_RATE": 0.01,
    "PATIENCE": 10,
    "RANDOM_SEED": 509,
    "LOSS_FUNCTION": "MAE",
    "COLUMNS_TO_USE": [
        "IBOVESPA - Close",
        "IBOVESPA - Close %"
    ],
    "COLUMN_TO_PREDICT": "IBOVESPA - Close",
    "TRAINING_TIME": "0h:1m:54s:324ms",
    "TRAINING_EPOCHS": 69,
    "Metrics": {
        "Train_Repeat": {
            "Loss": null,
            "MAE": 0.006005511619150639,
            "MSE": 6.263021350605413e-05,
            "MAPE": 0.7072149515151978,
            "RMSE": 0.007913925684988499
        },
        "Validation_Repeat": {
            "Loss": null,
            "MAE": 0.0,
            "MSE": 0.0,
            "MAPE": 0.0,
            "RMSE": 0.0
        },
        "Test_Repeat": {
            "Loss": null,
            "MAE": 0.006717351730912924,
            "MSE": 7.532560994150117e-05,
            "MAPE": 0.7215718626976013,
            "RMSE": 0.008679032325744629
        },
        "Train": {
            "Loss": 0.007550132926553488,
            "MAE": 0.007550132926553488,
            "MSE": 8.23044465505518e-05,
            "MAPE": 7.3018412590026855,
            "RMSE": 0.009072179906070232
        },
        "Validation": {
            "Loss": 0.005801328923553228,
            "MAE": 0.005801328923553228,
            "MSE": 5.300365592120215e-05,
            "MAPE": 0.6278477311134338,
            "RMSE": 0.007280360907316208
        },
        "Test": {
            "Loss": 0.006766713224351406,
            "MAE": 0.006766713224351406,
            "MSE": 8.431176684098318e-05,
            "MAPE": 0.7357387542724609,
            "RMSE": 0.009182143956422806
        }
    }
}