{
    "EXPERIMENT_NUMBER": 1,
    "SUB_EXPERIMENT_NUMBER": 4,
    "MODEL_NAME": "Model_3",
    "TRAINING_SIZE": 7602,
    "VALIDATION_SIZE": 261,
    "TESTING_SIZE": 129,
    "RUN_MOMENT": "2025-04-14 23:02:50",
    "INPUT_WINDOW_SIZE": 40,
    "OUTPUT_WINDOW_SIZE": 5,
    "BATCH_SIZE": 32,
    "MAX_EPOCHS": 500,
    "LEARNING_RATE": 0.01,
    "PATIENCE": 10,
    "RANDOM_SEED": 246,
    "LOSS_FUNCTION": "MAE",
    "COLUMNS_TO_USE": [
        "IBOVESPA - Close %"
    ],
    "COLUMN_TO_PREDICT": "IBOVESPA - Close %",
    "TRAINING_TIME": "0h:3m:20s:641ms",
    "TRAINING_EPOCHS": 25,
    "Metrics": {
        "Train_Repeat": {
            "Loss": null,
            "MAE": 0.024050775915384293,
            "MSE": 0.0009069583611562848,
            "MAPE": 7.7706122398376465,
            "RMSE": 0.030115749686956406
        },
        "Validation_Repeat": {
            "Loss": null,
            "MAE": 0.017876142635941505,
            "MSE": 0.00048549353959970176,
            "MAPE": 5.599128723144531,
            "RMSE": 0.022033918648958206
        },
        "Test_Repeat": {
            "Loss": null,
            "MAE": 0.02099556289613247,
            "MSE": 0.0006891750963404775,
            "MAPE": 6.381918430328369,
            "RMSE": 0.02625214494764805
        },
        "Train": {
            "Loss": 0.02889881655573845,
            "MAE": 0.02889881655573845,
            "MSE": 0.0018135346472263336,
            "MAPE": 42221.6796875,
            "RMSE": 0.04258561506867409
        },
        "Validation": {
            "Loss": 0.01258142851293087,
            "MAE": 0.012581429444253445,
            "MSE": 0.00024802779080346227,
            "MAPE": 3.870543956756592,
            "RMSE": 0.015748897567391396
        },
        "Test": {
            "Loss": 0.01762775331735611,
            "MAE": 0.01762775331735611,
            "MSE": 0.0005295854061841965,
            "MAPE": 5.453291416168213,
            "RMSE": 0.02301272191107273
        }
    }
}