{
    "EXPERIMENT_NUMBER": 1,
    "SUB_EXPERIMENT_NUMBER": 2,
    "MODEL_NAME": "Model_3",
    "TRAINING_SIZE": 7603,
    "VALIDATION_SIZE": 261,
    "TESTING_SIZE": 129,
    "RUN_MOMENT": "2025-04-14 20:25:44",
    "INPUT_WINDOW_SIZE": 4,
    "OUTPUT_WINDOW_SIZE": 1,
    "BATCH_SIZE": 32,
    "MAX_EPOCHS": 500,
    "LEARNING_RATE": 0.01,
    "PATIENCE": 10,
    "RANDOM_SEED": 453,
    "LOSS_FUNCTION": "MAE",
    "COLUMNS_TO_USE": [
        "IBOVESPA - Close",
        "IBOVESPA - Spread"
    ],
    "COLUMN_TO_PREDICT": "IBOVESPA - Close",
    "TRAINING_TIME": "0h:0m:40s:117ms",
    "TRAINING_EPOCHS": 24,
    "Metrics": {
        "Train_Repeat": {
            "Loss": null,
            "MAE": 0.006142390426248312,
            "MSE": 6.263914110604674e-05,
            "MAPE": 0.7226079702377319,
            "RMSE": 0.007914489135146141
        },
        "Validation_Repeat": {
            "Loss": null,
            "MAE": 0.0,
            "MSE": 0.0,
            "MAPE": 0.0,
            "RMSE": 0.0
        },
        "Test_Repeat": {
            "Loss": null,
            "MAE": 0.006717351730912924,
            "MSE": 7.532560994150117e-05,
            "MAPE": 0.7215718626976013,
            "RMSE": 0.008679032325744629
        },
        "Train": {
            "Loss": 0.013070637360215187,
            "MAE": 0.013070637360215187,
            "MSE": 0.00023858367057982832,
            "MAPE": 23.24269676208496,
            "RMSE": 0.015446153469383717
        },
        "Validation": {
            "Loss": 0.009178545325994492,
            "MAE": 0.009178545325994492,
            "MSE": 0.0001221704442286864,
            "MAPE": 0.9842077493667603,
            "RMSE": 0.011053074151277542
        },
        "Test": {
            "Loss": 0.009393050335347652,
            "MAE": 0.009393050335347652,
            "MSE": 0.0001337658177362755,
            "MAPE": 1.0166305303573608,
            "RMSE": 0.011565716937184334
        }
    }
}