{
    "EXPERIMENT_NUMBER": 1,
    "SUB_EXPERIMENT_NUMBER": 8,
    "MODEL_NAME": "Model_1",
    "TRAINING_SIZE": 7602,
    "VALIDATION_SIZE": 261,
    "TESTING_SIZE": 129,
    "RUN_MOMENT": "2025-04-14 20:08:11",
    "INPUT_WINDOW_SIZE": 4,
    "OUTPUT_WINDOW_SIZE": 1,
    "BATCH_SIZE": 32,
    "MAX_EPOCHS": 500,
    "LEARNING_RATE": 0.01,
    "PATIENCE": 10,
    "RANDOM_SEED": 937,
    "LOSS_FUNCTION": "MAE",
    "COLUMNS_TO_USE": [
        "IBOVESPA - Close",
        "IBOVESPA - Close %",
        "IBOVESPA - Spread %"
    ],
    "COLUMN_TO_PREDICT": "IBOVESPA - Close",
    "TRAINING_TIME": "0h:1m:4s:412ms",
    "TRAINING_EPOCHS": 54,
    "Metrics": {
        "Train_Repeat": {
            "Loss": null,
            "MAE": 0.006005511619150639,
            "MSE": 6.263021350605413e-05,
            "MAPE": 0.7072149515151978,
            "RMSE": 0.007913925684988499
        },
        "Validation_Repeat": {
            "Loss": null,
            "MAE": 0.0,
            "MSE": 0.0,
            "MAPE": 0.0,
            "RMSE": 0.0
        },
        "Test_Repeat": {
            "Loss": null,
            "MAE": 0.006717351730912924,
            "MSE": 7.532560994150117e-05,
            "MAPE": 0.7215718626976013,
            "RMSE": 0.008679032325744629
        },
        "Train": {
            "Loss": 0.008742493577301502,
            "MAE": 0.008742493577301502,
            "MSE": 0.0001078457644325681,
            "MAPE": 12.117711067199707,
            "RMSE": 0.010384881868958473
        },
        "Validation": {
            "Loss": 0.005891416687518358,
            "MAE": 0.005891416687518358,
            "MSE": 5.2659306675195694e-05,
            "MAPE": 0.6385021805763245,
            "RMSE": 0.0072566731832921505
        },
        "Test": {
            "Loss": 0.0067357406951487064,
            "MAE": 0.0067357406951487064,
            "MSE": 8.335988968610764e-05,
            "MAPE": 0.734461784362793,
            "RMSE": 0.009130164049565792
        }
    }
}