{
    "EXPERIMENT_NUMBER": 1,
    "SUB_EXPERIMENT_NUMBER": 4,
    "MODEL_NAME": "Model_1",
    "TRAINING_SIZE": 7602,
    "VALIDATION_SIZE": 261,
    "TESTING_SIZE": 129,
    "RUN_MOMENT": "2025-04-14 22:58:55",
    "INPUT_WINDOW_SIZE": 40,
    "OUTPUT_WINDOW_SIZE": 5,
    "BATCH_SIZE": 32,
    "MAX_EPOCHS": 500,
    "LEARNING_RATE": 0.01,
    "PATIENCE": 10,
    "RANDOM_SEED": 246,
    "LOSS_FUNCTION": "MAE",
    "COLUMNS_TO_USE": [
        "IBOVESPA - Close %"
    ],
    "COLUMN_TO_PREDICT": "IBOVESPA - Close %",
    "TRAINING_TIME": "0h:0m:57s:39ms",
    "TRAINING_EPOCHS": 14,
    "Metrics": {
        "Train_Repeat": {
            "Loss": null,
            "MAE": 0.024050775915384293,
            "MSE": 0.0009069583611562848,
            "MAPE": 7.7706122398376465,
            "RMSE": 0.030115749686956406
        },
        "Validation_Repeat": {
            "Loss": null,
            "MAE": 0.017876142635941505,
            "MSE": 0.00048549353959970176,
            "MAPE": 5.599128723144531,
            "RMSE": 0.022033918648958206
        },
        "Test_Repeat": {
            "Loss": null,
            "MAE": 0.02099556289613247,
            "MSE": 0.0006891750963404775,
            "MAPE": 6.381918430328369,
            "RMSE": 0.02625214494764805
        },
        "Train": {
            "Loss": 0.028809547424316406,
            "MAE": 0.028809547424316406,
            "MSE": 0.0018098868895322084,
            "MAPE": 42155.82421875,
            "RMSE": 0.04254276677966118
        },
        "Validation": {
            "Loss": 0.012422994710505009,
            "MAE": 0.012422994710505009,
            "MSE": 0.0002421803364995867,
            "MAPE": 3.826517343521118,
            "RMSE": 0.015562144108116627
        },
        "Test": {
            "Loss": 0.01751822419464588,
            "MAE": 0.01751822605729103,
            "MSE": 0.0005232059629634023,
            "MAPE": 5.426741600036621,
            "RMSE": 0.02287369593977928
        }
    }
}