{
    "EXPERIMENT_NUMBER": 1,
    "SUB_EXPERIMENT_NUMBER": 9,
    "MODEL_NAME": "Model_2",
    "TRAINING_SIZE": 7602,
    "VALIDATION_SIZE": 261,
    "TESTING_SIZE": 129,
    "RUN_MOMENT": "2025-04-14 22:23:19",
    "INPUT_WINDOW_SIZE": 40,
    "OUTPUT_WINDOW_SIZE": 5,
    "BATCH_SIZE": 32,
    "MAX_EPOCHS": 500,
    "LEARNING_RATE": 0.01,
    "PATIENCE": 10,
    "RANDOM_SEED": 280,
    "LOSS_FUNCTION": "MAE",
    "COLUMNS_TO_USE": [
        "IBOVESPA - Close",
        "IBOVESPA - Close %",
        "IBOVESPA - High %",
        "IBOVESPA - Low %",
        "IBOVESPA - Open %"
    ],
    "COLUMN_TO_PREDICT": "IBOVESPA - Close",
    "TRAINING_TIME": "0h:3m:7s:972ms",
    "TRAINING_EPOCHS": 26,
    "Metrics": {
        "Train_Repeat": {
            "Loss": null,
            "MAE": 0.012682771310210228,
            "MSE": 0.00024386293080169708,
            "MAPE": 1.5115547180175781,
            "RMSE": 0.01561611145734787
        },
        "Validation_Repeat": {
            "Loss": null,
            "MAE": 0.008867786265909672,
            "MSE": 0.00012879814312327653,
            "MAPE": 0.9110598564147949,
            "RMSE": 0.011348927393555641
        },
        "Test_Repeat": {
            "Loss": null,
            "MAE": 0.013968420214951038,
            "MSE": 0.0004119221994187683,
            "MAPE": 1.4911150932312012,
            "RMSE": 0.020295865833759308
        },
        "Train": {
            "Loss": 0.5497186183929443,
            "MAE": 0.5497186183929443,
            "MSE": 0.3659454882144928,
            "MAPE": 637.3480834960938,
            "RMSE": 0.6049342751502991
        },
        "Validation": {
            "Loss": 0.039619479328393936,
            "MAE": 0.039619479328393936,
            "MSE": 0.0022094587329775095,
            "MAPE": 4.172370433807373,
            "RMSE": 0.047004878520965576
        },
        "Test": {
            "Loss": 0.023244598880410194,
            "MAE": 0.023244598880410194,
            "MSE": 0.0008697388111613691,
            "MAPE": 2.529628276824951,
            "RMSE": 0.029491335153579712
        }
    }
}