{
    "EXPERIMENT_NUMBER": 1,
    "SUB_EXPERIMENT_NUMBER": 1,
    "MODEL_NAME": "Model_1",
    "TRAINING_SIZE": 7603,
    "VALIDATION_SIZE": 261,
    "TESTING_SIZE": 129,
    "RUN_MOMENT": "2025-04-14 19:26:29",
    "INPUT_WINDOW_SIZE": 4,
    "OUTPUT_WINDOW_SIZE": 1,
    "BATCH_SIZE": 32,
    "MAX_EPOCHS": 500,
    "LEARNING_RATE": 0.01,
    "PATIENCE": 10,
    "RANDOM_SEED": 259,
    "LOSS_FUNCTION": "MAE",
    "COLUMNS_TO_USE": [
        "IBOVESPA - Close"
    ],
    "COLUMN_TO_PREDICT": "IBOVESPA - Close",
    "TRAINING_TIME": "0h:0m:25s:675ms",
    "TRAINING_EPOCHS": 15,
    "Metrics": {
        "Train_Repeat": {
            "Loss": null,
            "MAE": 0.006142390426248312,
            "MSE": 6.263914110604674e-05,
            "MAPE": 0.7226079702377319,
            "RMSE": 0.007914489135146141
        },
        "Validation_Repeat": {
            "Loss": null,
            "MAE": 0.0,
            "MSE": 0.0,
            "MAPE": 0.0,
            "RMSE": 0.0
        },
        "Test_Repeat": {
            "Loss": null,
            "MAE": 0.006717351730912924,
            "MSE": 7.532560994150117e-05,
            "MAPE": 0.7215718626976013,
            "RMSE": 0.008679032325744629
        },
        "Train": {
            "Loss": 0.032576777040958405,
            "MAE": 0.032576777040958405,
            "MSE": 0.001236721291206777,
            "MAPE": 48.11611557006836,
            "RMSE": 0.03516704961657524
        },
        "Validation": {
            "Loss": 0.0074352845549583435,
            "MAE": 0.0074352845549583435,
            "MSE": 8.708595123607665e-05,
            "MAPE": 0.7988277077674866,
            "RMSE": 0.009331985376775265
        },
        "Test": {
            "Loss": 0.007747693918645382,
            "MAE": 0.007747693918645382,
            "MSE": 9.715367195894942e-05,
            "MAPE": 0.8396918773651123,
            "RMSE": 0.009856656193733215
        }
    }
}