{
    "EXPERIMENT_NUMBER": 1,
    "SUB_EXPERIMENT_NUMBER": 8,
    "MODEL_NAME": "Model_1",
    "TRAINING_SIZE": 7602,
    "VALIDATION_SIZE": 261,
    "TESTING_SIZE": 129,
    "RUN_MOMENT": "2025-04-14 22:04:20",
    "INPUT_WINDOW_SIZE": 40,
    "OUTPUT_WINDOW_SIZE": 5,
    "BATCH_SIZE": 32,
    "MAX_EPOCHS": 500,
    "LEARNING_RATE": 0.01,
    "PATIENCE": 10,
    "RANDOM_SEED": 280,
    "LOSS_FUNCTION": "MAE",
    "COLUMNS_TO_USE": [
        "IBOVESPA - Close",
        "IBOVESPA - Close %",
        "IBOVESPA - Spread %"
    ],
    "COLUMN_TO_PREDICT": "IBOVESPA - Close",
    "TRAINING_TIME": "0h:3m:27s:204ms",
    "TRAINING_EPOCHS": 47,
    "Metrics": {
        "Train_Repeat": {
            "Loss": null,
            "MAE": 0.012682771310210228,
            "MSE": 0.00024386293080169708,
            "MAPE": 1.5115547180175781,
            "RMSE": 0.01561611145734787
        },
        "Validation_Repeat": {
            "Loss": null,
            "MAE": 0.008867786265909672,
            "MSE": 0.00012879814312327653,
            "MAPE": 0.9110598564147949,
            "RMSE": 0.011348927393555641
        },
        "Test_Repeat": {
            "Loss": null,
            "MAE": 0.013968420214951038,
            "MSE": 0.0004119221994187683,
            "MAPE": 1.4911150932312012,
            "RMSE": 0.020295865833759308
        },
        "Train": {
            "Loss": 0.020419972017407417,
            "MAE": 0.020419972017407417,
            "MSE": 0.0005764990346506238,
            "MAPE": 10.91966438293457,
            "RMSE": 0.024010393768548965
        },
        "Validation": {
            "Loss": 0.00923213642090559,
            "MAE": 0.009232137352228165,
            "MSE": 0.0001420545158907771,
            "MAPE": 0.9860355257987976,
            "RMSE": 0.011918662115931511
        },
        "Test": {
            "Loss": 0.012231734581291676,
            "MAE": 0.012231734581291676,
            "MSE": 0.000265877868514508,
            "MAPE": 1.3394036293029785,
            "RMSE": 0.01630576141178608
        }
    }
}