{
    "EXPERIMENT_NUMBER": 1,
    "SUB_EXPERIMENT_NUMBER": 3,
    "MODEL_NAME": "Model_1",
    "TRAINING_SIZE": 7603,
    "VALIDATION_SIZE": 261,
    "TESTING_SIZE": 129,
    "RUN_MOMENT": "2025-04-14 21:19:45",
    "INPUT_WINDOW_SIZE": 40,
    "OUTPUT_WINDOW_SIZE": 5,
    "BATCH_SIZE": 32,
    "MAX_EPOCHS": 500,
    "LEARNING_RATE": 0.01,
    "PATIENCE": 10,
    "RANDOM_SEED": 280,
    "LOSS_FUNCTION": "MAE",
    "COLUMNS_TO_USE": [
        "IBOVESPA - Close",
        "IBOVESPA - High",
        "IBOVESPA - Low",
        "IBOVESPA - Open"
    ],
    "COLUMN_TO_PREDICT": "IBOVESPA - Close",
    "TRAINING_TIME": "0h:1m:18s:723ms",
    "TRAINING_EPOCHS": 19,
    "Metrics": {
        "Train_Repeat": {
            "Loss": null,
            "MAE": 0.012225615791976452,
            "MSE": 0.00023065709683578461,
            "MAPE": 1.4550572633743286,
            "RMSE": 0.015187399461865425
        },
        "Validation_Repeat": {
            "Loss": null,
            "MAE": 0.008867786265909672,
            "MSE": 0.00012879814312327653,
            "MAPE": 0.9110598564147949,
            "RMSE": 0.011348927393555641
        },
        "Test_Repeat": {
            "Loss": null,
            "MAE": 0.013968420214951038,
            "MSE": 0.0004119221994187683,
            "MAPE": 1.4911150932312012,
            "RMSE": 0.020295865833759308
        },
        "Train": {
            "Loss": 0.04073432460427284,
            "MAE": 0.04073432460427284,
            "MSE": 0.0018639483023434877,
            "MAPE": 38.7290153503418,
            "RMSE": 0.04317346587777138
        },
        "Validation": {
            "Loss": 0.012414136901497841,
            "MAE": 0.012414136901497841,
            "MSE": 0.000251303514232859,
            "MAPE": 1.3138115406036377,
            "RMSE": 0.015852555632591248
        },
        "Test": {
            "Loss": 0.013759252615272999,
            "MAE": 0.013759252615272999,
            "MSE": 0.00029483152320608497,
            "MAPE": 1.5098330974578857,
            "RMSE": 0.017170658335089684
        }
    }
}