{
    "EXPERIMENT_NUMBER": 1,
    "SUB_EXPERIMENT_NUMBER": 3,
    "MODEL_NAME": "Model_1",
    "TRAINING_SIZE": 7603,
    "VALIDATION_SIZE": 261,
    "TESTING_SIZE": 129,
    "RUN_MOMENT": "2025-04-14 19:33:59",
    "INPUT_WINDOW_SIZE": 4,
    "OUTPUT_WINDOW_SIZE": 1,
    "BATCH_SIZE": 32,
    "MAX_EPOCHS": 500,
    "LEARNING_RATE": 0.01,
    "PATIENCE": 10,
    "RANDOM_SEED": 259,
    "LOSS_FUNCTION": "MAE",
    "COLUMNS_TO_USE": [
        "IBOVESPA - Close",
        "IBOVESPA - High",
        "IBOVESPA - Low",
        "IBOVESPA - Open"
    ],
    "COLUMN_TO_PREDICT": "IBOVESPA - Close",
    "TRAINING_TIME": "0h:0m:31s:374ms",
    "TRAINING_EPOCHS": 19,
    "Metrics": {
        "Train_Repeat": {
            "Loss": null,
            "MAE": 0.006142390426248312,
            "MSE": 6.263914110604674e-05,
            "MAPE": 0.7226079702377319,
            "RMSE": 0.007914489135146141
        },
        "Validation_Repeat": {
            "Loss": null,
            "MAE": 0.0,
            "MSE": 0.0,
            "MAPE": 0.0,
            "RMSE": 0.0
        },
        "Test_Repeat": {
            "Loss": null,
            "MAE": 0.006717351730912924,
            "MSE": 7.532560994150117e-05,
            "MAPE": 0.7215718626976013,
            "RMSE": 0.008679032325744629
        },
        "Train": {
            "Loss": 0.029567915946245193,
            "MAE": 0.029567915946245193,
            "MSE": 0.0009617628529667854,
            "MAPE": 35.43488693237305,
            "RMSE": 0.03101230226457119
        },
        "Validation": {
            "Loss": 0.006717900279909372,
            "MAE": 0.006717900279909372,
            "MSE": 6.966228829696774e-05,
            "MAPE": 0.7352722883224487,
            "RMSE": 0.008346393704414368
        },
        "Test": {
            "Loss": 0.008012870326638222,
            "MAE": 0.008012870326638222,
            "MSE": 0.00010548714635660872,
            "MAPE": 0.8793482780456543,
            "RMSE": 0.010270693339407444
        }
    }
}