{
    "EXPERIMENT_NUMBER": 1,
    "SUB_EXPERIMENT_NUMBER": 6,
    "MODEL_NAME": "Model_2",
    "TRAINING_SIZE": 7602,
    "VALIDATION_SIZE": 261,
    "TESTING_SIZE": 129,
    "RUN_MOMENT": "2025-04-14 20:34:46",
    "INPUT_WINDOW_SIZE": 4,
    "OUTPUT_WINDOW_SIZE": 1,
    "BATCH_SIZE": 32,
    "MAX_EPOCHS": 500,
    "LEARNING_RATE": 0.01,
    "PATIENCE": 10,
    "RANDOM_SEED": 453,
    "LOSS_FUNCTION": "MAE",
    "COLUMNS_TO_USE": [
        "IBOVESPA - Close %",
        "IBOVESPA - High %",
        "IBOVESPA - Low %",
        "IBOVESPA - Open %"
    ],
    "COLUMN_TO_PREDICT": "IBOVESPA - Close %",
    "TRAINING_TIME": "0h:1m:0s:596ms",
    "TRAINING_EPOCHS": 28,
    "Metrics": {
        "Train_Repeat": {
            "Loss": null,
            "MAE": 0.021894998848438263,
            "MSE": 0.0007430388359352946,
            "MAPE": 7.037374496459961,
            "RMSE": 0.0272587388753891
        },
        "Validation_Repeat": {
            "Loss": null,
            "MAE": 0.0,
            "MSE": 0.0,
            "MAPE": 0.0,
            "RMSE": 0.0
        },
        "Test_Repeat": {
            "Loss": null,
            "MAE": 0.01891194097697735,
            "MSE": 0.00047591369366273284,
            "MAPE": 5.887756824493408,
            "RMSE": 0.021815447136759758
        },
        "Train": {
            "Loss": 0.028800765052437782,
            "MAE": 0.028800765052437782,
            "MSE": 0.0018437668913975358,
            "MAPE": 42079.3359375,
            "RMSE": 0.04293910786509514
        },
        "Validation": {
            "Loss": 0.012578279711306095,
            "MAE": 0.012578279711306095,
            "MSE": 0.00025770068168640137,
            "MAPE": 3.8711583614349365,
            "RMSE": 0.016053058207035065
        },
        "Test": {
            "Loss": 0.015114638954401016,
            "MAE": 0.015114638954401016,
            "MSE": 0.00042246378143318,
            "MAPE": 4.725076675415039,
            "RMSE": 0.02055392414331436
        }
    }
}