{
    "EXPERIMENT_NUMBER": 1,
    "SUB_EXPERIMENT_NUMBER": 9,
    "MODEL_NAME": "Model_1",
    "TRAINING_SIZE": 7602,
    "VALIDATION_SIZE": 261,
    "TESTING_SIZE": 129,
    "RUN_MOMENT": "2025-04-14 19:13:32",
    "INPUT_WINDOW_SIZE": 4,
    "OUTPUT_WINDOW_SIZE": 1,
    "BATCH_SIZE": 32,
    "MAX_EPOCHS": 500,
    "LEARNING_RATE": 0.01,
    "PATIENCE": 10,
    "RANDOM_SEED": 509,
    "LOSS_FUNCTION": "MAE",
    "COLUMNS_TO_USE": [
        "IBOVESPA - Close",
        "IBOVESPA - Close %",
        "IBOVESPA - High %",
        "IBOVESPA - Low %",
        "IBOVESPA - Open %"
    ],
    "COLUMN_TO_PREDICT": "IBOVESPA - Close",
    "TRAINING_TIME": "0h:1m:7s:331ms",
    "TRAINING_EPOCHS": 55,
    "Metrics": {
        "Train_Repeat": {
            "Loss": null,
            "MAE": 0.006005511619150639,
            "MSE": 6.263021350605413e-05,
            "MAPE": 0.7072149515151978,
            "RMSE": 0.007913925684988499
        },
        "Validation_Repeat": {
            "Loss": null,
            "MAE": 0.0,
            "MSE": 0.0,
            "MAPE": 0.0,
            "RMSE": 0.0
        },
        "Test_Repeat": {
            "Loss": null,
            "MAE": 0.006717351730912924,
            "MSE": 7.532560994150117e-05,
            "MAPE": 0.7215718626976013,
            "RMSE": 0.008679032325744629
        },
        "Train": {
            "Loss": 0.009294486604630947,
            "MAE": 0.009294486604630947,
            "MSE": 0.00011475050268927589,
            "MAPE": 11.752856254577637,
            "RMSE": 0.01071216631680727
        },
        "Validation": {
            "Loss": 0.0065223779529333115,
            "MAE": 0.0065223779529333115,
            "MSE": 6.771114567527547e-05,
            "MAPE": 0.70259028673172,
            "RMSE": 0.00822867825627327
        },
        "Test": {
            "Loss": 0.007237399462610483,
            "MAE": 0.007237399462610483,
            "MSE": 9.16584613150917e-05,
            "MAPE": 0.7847407460212708,
            "RMSE": 0.009573842398822308
        }
    }
}