{
    "EXPERIMENT_NUMBER": 1,
    "SUB_EXPERIMENT_NUMBER": 3,
    "MODEL_NAME": "Model_2",
    "TRAINING_SIZE": 7603,
    "VALIDATION_SIZE": 261,
    "TESTING_SIZE": 129,
    "RUN_MOMENT": "2025-04-14 19:34:51",
    "INPUT_WINDOW_SIZE": 4,
    "OUTPUT_WINDOW_SIZE": 1,
    "BATCH_SIZE": 32,
    "MAX_EPOCHS": 500,
    "LEARNING_RATE": 0.01,
    "PATIENCE": 10,
    "RANDOM_SEED": 259,
    "LOSS_FUNCTION": "MAE",
    "COLUMNS_TO_USE": [
        "IBOVESPA - Close",
        "IBOVESPA - High",
        "IBOVESPA - Low",
        "IBOVESPA - Open"
    ],
    "COLUMN_TO_PREDICT": "IBOVESPA - Close",
    "TRAINING_TIME": "0h:0m:46s:304ms",
    "TRAINING_EPOCHS": 25,
    "Metrics": {
        "Train_Repeat": {
            "Loss": null,
            "MAE": 0.006142390426248312,
            "MSE": 6.263914110604674e-05,
            "MAPE": 0.7226079702377319,
            "RMSE": 0.007914489135146141
        },
        "Validation_Repeat": {
            "Loss": null,
            "MAE": 0.0,
            "MSE": 0.0,
            "MAPE": 0.0,
            "RMSE": 0.0
        },
        "Test_Repeat": {
            "Loss": null,
            "MAE": 0.006717351730912924,
            "MSE": 7.532560994150117e-05,
            "MAPE": 0.7215718626976013,
            "RMSE": 0.008679032325744629
        },
        "Train": {
            "Loss": 0.04813803732395172,
            "MAE": 0.04813803732395172,
            "MSE": 0.004233655519783497,
            "MAPE": 118.59999084472656,
            "RMSE": 0.06506654620170593
        },
        "Validation": {
            "Loss": 0.022114373743534088,
            "MAE": 0.022114373743534088,
            "MSE": 0.0006691449671052396,
            "MAPE": 2.3454442024230957,
            "RMSE": 0.02586783654987812
        },
        "Test": {
            "Loss": 0.018163487315177917,
            "MAE": 0.018163487315177917,
            "MSE": 0.0004780961899086833,
            "MAPE": 1.9418065547943115,
            "RMSE": 0.02186541073024273
        }
    }
}