{
    "EXPERIMENT_NUMBER": 1,
    "SUB_EXPERIMENT_NUMBER": 6,
    "MODEL_NAME": "Model_3",
    "TRAINING_SIZE": 7602,
    "VALIDATION_SIZE": 261,
    "TESTING_SIZE": 129,
    "RUN_MOMENT": "2025-04-15 00:42:13",
    "INPUT_WINDOW_SIZE": 40,
    "OUTPUT_WINDOW_SIZE": 5,
    "BATCH_SIZE": 32,
    "MAX_EPOCHS": 500,
    "LEARNING_RATE": 0.01,
    "PATIENCE": 10,
    "RANDOM_SEED": 26,
    "LOSS_FUNCTION": "MAE",
    "COLUMNS_TO_USE": [
        "IBOVESPA - Close %",
        "IBOVESPA - High %",
        "IBOVESPA - Low %",
        "IBOVESPA - Open %"
    ],
    "COLUMN_TO_PREDICT": "IBOVESPA - Close %",
    "TRAINING_TIME": "0h:3m:56s:647ms",
    "TRAINING_EPOCHS": 37,
    "Metrics": {
        "Train_Repeat": {
            "Loss": null,
            "MAE": 0.024050775915384293,
            "MSE": 0.0009069583611562848,
            "MAPE": 7.7706122398376465,
            "RMSE": 0.030115749686956406
        },
        "Validation_Repeat": {
            "Loss": null,
            "MAE": 0.017876142635941505,
            "MSE": 0.00048549353959970176,
            "MAPE": 5.599128723144531,
            "RMSE": 0.022033918648958206
        },
        "Test_Repeat": {
            "Loss": null,
            "MAE": 0.02099556289613247,
            "MSE": 0.0006891750963404775,
            "MAPE": 6.381918430328369,
            "RMSE": 0.02625214494764805
        },
        "Train": {
            "Loss": 0.028569307178258896,
            "MAE": 0.028569307178258896,
            "MSE": 0.0017937456723302603,
            "MAPE": 42564.1796875,
            "RMSE": 0.04235263541340828
        },
        "Validation": {
            "Loss": 0.012136191129684448,
            "MAE": 0.012136191129684448,
            "MSE": 0.0002320295898243785,
            "MAPE": 3.7568066120147705,
            "RMSE": 0.015232517383992672
        },
        "Test": {
            "Loss": 0.017112359404563904,
            "MAE": 0.017112359404563904,
            "MSE": 0.0005108984769321978,
            "MAPE": 5.3284993171691895,
            "RMSE": 0.02260306291282177
        }
    }
}