{
    "EXPERIMENT_NUMBER": 1,
    "SUB_EXPERIMENT_NUMBER": 3,
    "MODEL_NAME": "Model_2",
    "TRAINING_SIZE": 7603,
    "VALIDATION_SIZE": 261,
    "TESTING_SIZE": 129,
    "RUN_MOMENT": "2025-04-14 18:53:19",
    "INPUT_WINDOW_SIZE": 4,
    "OUTPUT_WINDOW_SIZE": 1,
    "BATCH_SIZE": 32,
    "MAX_EPOCHS": 500,
    "LEARNING_RATE": 0.01,
    "PATIENCE": 10,
    "RANDOM_SEED": 509,
    "LOSS_FUNCTION": "MAE",
    "COLUMNS_TO_USE": [
        "IBOVESPA - Close",
        "IBOVESPA - High",
        "IBOVESPA - Low",
        "IBOVESPA - Open"
    ],
    "COLUMN_TO_PREDICT": "IBOVESPA - Close",
    "TRAINING_TIME": "0h:0m:54s:334ms",
    "TRAINING_EPOCHS": 30,
    "Metrics": {
        "Train_Repeat": {
            "Loss": null,
            "MAE": 0.006142390426248312,
            "MSE": 6.263914110604674e-05,
            "MAPE": 0.7226079702377319,
            "RMSE": 0.007914489135146141
        },
        "Validation_Repeat": {
            "Loss": null,
            "MAE": 0.0,
            "MSE": 0.0,
            "MAPE": 0.0,
            "RMSE": 0.0
        },
        "Test_Repeat": {
            "Loss": null,
            "MAE": 0.006717351730912924,
            "MSE": 7.532560994150117e-05,
            "MAPE": 0.7215718626976013,
            "RMSE": 0.008679032325744629
        },
        "Train": {
            "Loss": 0.05197767913341522,
            "MAE": 0.05197767913341522,
            "MSE": 0.003577948547899723,
            "MAPE": 98.54967498779297,
            "RMSE": 0.05981595441699028
        },
        "Validation": {
            "Loss": 0.019628237932920456,
            "MAE": 0.019628237932920456,
            "MSE": 0.0005517879035323858,
            "MAPE": 2.0814597606658936,
            "RMSE": 0.023490166291594505
        },
        "Test": {
            "Loss": 0.016085857525467873,
            "MAE": 0.016085857525467873,
            "MSE": 0.0003848452470265329,
            "MAPE": 1.7203181982040405,
            "RMSE": 0.01961747370660305
        }
    }
}