{
    "EXPERIMENT_NUMBER": 1,
    "SUB_EXPERIMENT_NUMBER": 8,
    "MODEL_NAME": "Model_3",
    "TRAINING_SIZE": 7602,
    "VALIDATION_SIZE": 261,
    "TESTING_SIZE": 129,
    "RUN_MOMENT": "2025-04-14 22:11:26",
    "INPUT_WINDOW_SIZE": 40,
    "OUTPUT_WINDOW_SIZE": 5,
    "BATCH_SIZE": 32,
    "MAX_EPOCHS": 500,
    "LEARNING_RATE": 0.01,
    "PATIENCE": 10,
    "RANDOM_SEED": 280,
    "LOSS_FUNCTION": "MAE",
    "COLUMNS_TO_USE": [
        "IBOVESPA - Close",
        "IBOVESPA - Close %",
        "IBOVESPA - Spread %"
    ],
    "COLUMN_TO_PREDICT": "IBOVESPA - Close",
    "TRAINING_TIME": "0h:9m:9s:890ms",
    "TRAINING_EPOCHS": 69,
    "Metrics": {
        "Train_Repeat": {
            "Loss": null,
            "MAE": 0.012682771310210228,
            "MSE": 0.00024386293080169708,
            "MAPE": 1.5115547180175781,
            "RMSE": 0.01561611145734787
        },
        "Validation_Repeat": {
            "Loss": null,
            "MAE": 0.008867786265909672,
            "MSE": 0.00012879814312327653,
            "MAPE": 0.9110598564147949,
            "RMSE": 0.011348927393555641
        },
        "Test_Repeat": {
            "Loss": null,
            "MAE": 0.013968420214951038,
            "MSE": 0.0004119221994187683,
            "MAPE": 1.4911150932312012,
            "RMSE": 0.020295865833759308
        },
        "Train": {
            "Loss": 0.02412281557917595,
            "MAE": 0.0241228137165308,
            "MSE": 0.000705578422639519,
            "MAPE": 24.72467041015625,
            "RMSE": 0.026562726125121117
        },
        "Validation": {
            "Loss": 0.00965158175677061,
            "MAE": 0.00965158175677061,
            "MSE": 0.00015361195255536586,
            "MAPE": 1.029710292816162,
            "RMSE": 0.012394028715789318
        },
        "Test": {
            "Loss": 0.012446079403162003,
            "MAE": 0.012446078471839428,
            "MSE": 0.00026960845571011305,
            "MAPE": 1.362656831741333,
            "RMSE": 0.016419759020209312
        }
    }
}