{
    "EXPERIMENT_NUMBER": 1,
    "SUB_EXPERIMENT_NUMBER": 2,
    "MODEL_NAME": "Model_2",
    "TRAINING_SIZE": 7603,
    "VALIDATION_SIZE": 261,
    "TESTING_SIZE": 129,
    "RUN_MOMENT": "2025-04-14 18:49:50",
    "INPUT_WINDOW_SIZE": 4,
    "OUTPUT_WINDOW_SIZE": 1,
    "BATCH_SIZE": 32,
    "MAX_EPOCHS": 500,
    "LEARNING_RATE": 0.01,
    "PATIENCE": 10,
    "RANDOM_SEED": 509,
    "LOSS_FUNCTION": "MAE",
    "COLUMNS_TO_USE": [
        "IBOVESPA - Close",
        "IBOVESPA - Spread"
    ],
    "COLUMN_TO_PREDICT": "IBOVESPA - Close",
    "TRAINING_TIME": "0h:0m:46s:335ms",
    "TRAINING_EPOCHS": 21,
    "Metrics": {
        "Train_Repeat": {
            "Loss": null,
            "MAE": 0.006142390426248312,
            "MSE": 6.263914110604674e-05,
            "MAPE": 0.7226079702377319,
            "RMSE": 0.007914489135146141
        },
        "Validation_Repeat": {
            "Loss": null,
            "MAE": 0.0,
            "MSE": 0.0,
            "MAPE": 0.0,
            "RMSE": 0.0
        },
        "Test_Repeat": {
            "Loss": null,
            "MAE": 0.006717351730912924,
            "MSE": 7.532560994150117e-05,
            "MAPE": 0.7215718626976013,
            "RMSE": 0.008679032325744629
        },
        "Train": {
            "Loss": 0.0421764962375164,
            "MAE": 0.0421764962375164,
            "MSE": 0.0034826446790248156,
            "MAPE": 104.80786895751953,
            "RMSE": 0.059013936668634415
        },
        "Validation": {
            "Loss": 0.01681954227387905,
            "MAE": 0.01681954227387905,
            "MSE": 0.00036295640165917575,
            "MAPE": 1.7938168048858643,
            "RMSE": 0.019051413983106613
        },
        "Test": {
            "Loss": 0.016123466193675995,
            "MAE": 0.016123466193675995,
            "MSE": 0.00034687184961512685,
            "MAPE": 1.7360478639602661,
            "RMSE": 0.018624495714902878
        }
    }
}