{
    "EXPERIMENT_NUMBER": 1,
    "SUB_EXPERIMENT_NUMBER": 1,
    "MODEL_NAME": "Model_2",
    "TRAINING_SIZE": 7603,
    "VALIDATION_SIZE": 261,
    "TESTING_SIZE": 129,
    "RUN_MOMENT": "2025-04-14 19:27:16",
    "INPUT_WINDOW_SIZE": 4,
    "OUTPUT_WINDOW_SIZE": 1,
    "BATCH_SIZE": 32,
    "MAX_EPOCHS": 500,
    "LEARNING_RATE": 0.01,
    "PATIENCE": 10,
    "RANDOM_SEED": 259,
    "LOSS_FUNCTION": "MAE",
    "COLUMNS_TO_USE": [
        "IBOVESPA - Close"
    ],
    "COLUMN_TO_PREDICT": "IBOVESPA - Close",
    "TRAINING_TIME": "0h:0m:51s:829ms",
    "TRAINING_EPOCHS": 23,
    "Metrics": {
        "Train_Repeat": {
            "Loss": null,
            "MAE": 0.006142390426248312,
            "MSE": 6.263914110604674e-05,
            "MAPE": 0.7226079702377319,
            "RMSE": 0.007914489135146141
        },
        "Validation_Repeat": {
            "Loss": null,
            "MAE": 0.0,
            "MSE": 0.0,
            "MAPE": 0.0,
            "RMSE": 0.0
        },
        "Test_Repeat": {
            "Loss": null,
            "MAE": 0.006717351730912924,
            "MSE": 7.532560994150117e-05,
            "MAPE": 0.7215718626976013,
            "RMSE": 0.008679032325744629
        },
        "Train": {
            "Loss": 0.0477050244808197,
            "MAE": 0.0477050244808197,
            "MSE": 0.0035441622603684664,
            "MAPE": 100.60472869873047,
            "RMSE": 0.05953286588191986
        },
        "Validation": {
            "Loss": 0.014391424134373665,
            "MAE": 0.014391424134373665,
            "MSE": 0.00027865212177857757,
            "MAPE": 1.5326159000396729,
            "RMSE": 0.0166928768157959
        },
        "Test": {
            "Loss": 0.013238907791674137,
            "MAE": 0.013238907791674137,
            "MSE": 0.0002406058629276231,
            "MAPE": 1.4246793985366821,
            "RMSE": 0.015511475503444672
        }
    }
}