{
    "EXPERIMENT_NUMBER": 1,
    "SUB_EXPERIMENT_NUMBER": 8,
    "MODEL_NAME": "Model_1",
    "TRAINING_SIZE": 7602,
    "VALIDATION_SIZE": 261,
    "TESTING_SIZE": 129,
    "RUN_MOMENT": "2025-04-14 19:09:44",
    "INPUT_WINDOW_SIZE": 4,
    "OUTPUT_WINDOW_SIZE": 1,
    "BATCH_SIZE": 32,
    "MAX_EPOCHS": 500,
    "LEARNING_RATE": 0.01,
    "PATIENCE": 10,
    "RANDOM_SEED": 509,
    "LOSS_FUNCTION": "MAE",
    "COLUMNS_TO_USE": [
        "IBOVESPA - Close",
        "IBOVESPA - Close %",
        "IBOVESPA - Spread %"
    ],
    "COLUMN_TO_PREDICT": "IBOVESPA - Close",
    "TRAINING_TIME": "0h:0m:35s:450ms",
    "TRAINING_EPOCHS": 29,
    "Metrics": {
        "Train_Repeat": {
            "Loss": null,
            "MAE": 0.006005511619150639,
            "MSE": 6.263021350605413e-05,
            "MAPE": 0.7072149515151978,
            "RMSE": 0.007913925684988499
        },
        "Validation_Repeat": {
            "Loss": null,
            "MAE": 0.0,
            "MSE": 0.0,
            "MAPE": 0.0,
            "RMSE": 0.0
        },
        "Test_Repeat": {
            "Loss": null,
            "MAE": 0.006717351730912924,
            "MSE": 7.532560994150117e-05,
            "MAPE": 0.7215718626976013,
            "RMSE": 0.008679032325744629
        },
        "Train": {
            "Loss": 0.015584180131554604,
            "MAE": 0.015584180131554604,
            "MSE": 0.000297408812912181,
            "MAPE": 22.21202278137207,
            "RMSE": 0.017245544120669365
        },
        "Validation": {
            "Loss": 0.006240034010261297,
            "MAE": 0.006240034010261297,
            "MSE": 6.066138303140178e-05,
            "MAPE": 0.6812624335289001,
            "RMSE": 0.007788541726768017
        },
        "Test": {
            "Loss": 0.007665675133466721,
            "MAE": 0.007665675133466721,
            "MSE": 9.880947618512437e-05,
            "MAPE": 0.8391376733779907,
            "RMSE": 0.009940295480191708
        }
    }
}