{
    "EXPERIMENT_NUMBER": 1,
    "SUB_EXPERIMENT_NUMBER": 2,
    "MODEL_NAME": "Model_2",
    "TRAINING_SIZE": 7603,
    "VALIDATION_SIZE": 261,
    "TESTING_SIZE": 129,
    "RUN_MOMENT": "2025-04-14 22:43:21",
    "INPUT_WINDOW_SIZE": 40,
    "OUTPUT_WINDOW_SIZE": 5,
    "BATCH_SIZE": 32,
    "MAX_EPOCHS": 500,
    "LEARNING_RATE": 0.01,
    "PATIENCE": 10,
    "RANDOM_SEED": 246,
    "LOSS_FUNCTION": "MAE",
    "COLUMNS_TO_USE": [
        "IBOVESPA - Close",
        "IBOVESPA - Spread"
    ],
    "COLUMN_TO_PREDICT": "IBOVESPA - Close",
    "TRAINING_TIME": "0h:1m:29s:877ms",
    "TRAINING_EPOCHS": 11,
    "Metrics": {
        "Train_Repeat": {
            "Loss": null,
            "MAE": 0.012225615791976452,
            "MSE": 0.00023065709683578461,
            "MAPE": 1.4550572633743286,
            "RMSE": 0.015187399461865425
        },
        "Validation_Repeat": {
            "Loss": null,
            "MAE": 0.008867786265909672,
            "MSE": 0.00012879814312327653,
            "MAPE": 0.9110598564147949,
            "RMSE": 0.011348927393555641
        },
        "Test_Repeat": {
            "Loss": null,
            "MAE": 0.013968420214951038,
            "MSE": 0.0004119221994187683,
            "MAPE": 1.4911150932312012,
            "RMSE": 0.020295865833759308
        },
        "Train": {
            "Loss": 0.4278700053691864,
            "MAE": 0.4278700649738312,
            "MSE": 0.23587699234485626,
            "MAPE": 529.7576293945312,
            "RMSE": 0.4856716990470886
        },
        "Validation": {
            "Loss": 0.17095869779586792,
            "MAE": 0.17095868289470673,
            "MSE": 0.03003452531993389,
            "MAPE": 18.211519241333008,
            "RMSE": 0.1733047217130661
        },
        "Test": {
            "Loss": 0.14456111192703247,
            "MAE": 0.14456111192703247,
            "MSE": 0.021587181836366653,
            "MAPE": 15.843195915222168,
            "RMSE": 0.14692577719688416
        }
    }
}