{
    "EXPERIMENT_NUMBER": 1,
    "SUB_EXPERIMENT_NUMBER": 3,
    "MODEL_NAME": "Model_3",
    "TRAINING_SIZE": 7603,
    "VALIDATION_SIZE": 261,
    "TESTING_SIZE": 129,
    "RUN_MOMENT": "2025-04-14 22:55:44",
    "INPUT_WINDOW_SIZE": 40,
    "OUTPUT_WINDOW_SIZE": 5,
    "BATCH_SIZE": 32,
    "MAX_EPOCHS": 500,
    "LEARNING_RATE": 0.01,
    "PATIENCE": 10,
    "RANDOM_SEED": 246,
    "LOSS_FUNCTION": "MAE",
    "COLUMNS_TO_USE": [
        "IBOVESPA - Close",
        "IBOVESPA - High",
        "IBOVESPA - Low",
        "IBOVESPA - Open"
    ],
    "COLUMN_TO_PREDICT": "IBOVESPA - Close",
    "TRAINING_TIME": "0h:2m:43s:953ms",
    "TRAINING_EPOCHS": 22,
    "Metrics": {
        "Train_Repeat": {
            "Loss": null,
            "MAE": 0.012225615791976452,
            "MSE": 0.00023065709683578461,
            "MAPE": 1.4550572633743286,
            "RMSE": 0.015187399461865425
        },
        "Validation_Repeat": {
            "Loss": null,
            "MAE": 0.008867786265909672,
            "MSE": 0.00012879814312327653,
            "MAPE": 0.9110598564147949,
            "RMSE": 0.011348927393555641
        },
        "Test_Repeat": {
            "Loss": null,
            "MAE": 0.013968420214951038,
            "MSE": 0.0004119221994187683,
            "MAPE": 1.4911150932312012,
            "RMSE": 0.020295865833759308
        },
        "Train": {
            "Loss": 0.03749842196702957,
            "MAE": 0.03749842196702957,
            "MSE": 0.0015941960737109184,
            "MAPE": 35.96556854248047,
            "RMSE": 0.03992738947272301
        },
        "Validation": {
            "Loss": 0.01223620306700468,
            "MAE": 0.01223620306700468,
            "MSE": 0.00024375197244808078,
            "MAPE": 1.294707179069519,
            "RMSE": 0.015612558461725712
        },
        "Test": {
            "Loss": 0.013602400198578835,
            "MAE": 0.013602398335933685,
            "MSE": 0.00029026047559455037,
            "MAPE": 1.492153525352478,
            "RMSE": 0.017037032172083855
        }
    }
}