{
    "EXPERIMENT_NUMBER": 1,
    "SUB_EXPERIMENT_NUMBER": 2,
    "MODEL_NAME": "Model_1",
    "TRAINING_SIZE": 7603,
    "VALIDATION_SIZE": 261,
    "TESTING_SIZE": 129,
    "RUN_MOMENT": "2025-04-14 20:24:18",
    "INPUT_WINDOW_SIZE": 4,
    "OUTPUT_WINDOW_SIZE": 1,
    "BATCH_SIZE": 32,
    "MAX_EPOCHS": 500,
    "LEARNING_RATE": 0.01,
    "PATIENCE": 10,
    "RANDOM_SEED": 453,
    "LOSS_FUNCTION": "MAE",
    "COLUMNS_TO_USE": [
        "IBOVESPA - Close",
        "IBOVESPA - Spread"
    ],
    "COLUMN_TO_PREDICT": "IBOVESPA - Close",
    "TRAINING_TIME": "0h:0m:21s:621ms",
    "TRAINING_EPOCHS": 17,
    "Metrics": {
        "Train_Repeat": {
            "Loss": null,
            "MAE": 0.006142390426248312,
            "MSE": 6.263914110604674e-05,
            "MAPE": 0.7226079702377319,
            "RMSE": 0.007914489135146141
        },
        "Validation_Repeat": {
            "Loss": null,
            "MAE": 0.0,
            "MSE": 0.0,
            "MAPE": 0.0,
            "RMSE": 0.0
        },
        "Test_Repeat": {
            "Loss": null,
            "MAE": 0.006717351730912924,
            "MSE": 7.532560994150117e-05,
            "MAPE": 0.7215718626976013,
            "RMSE": 0.008679032325744629
        },
        "Train": {
            "Loss": 0.03298712894320488,
            "MAE": 0.03298712894320488,
            "MSE": 0.0012794544454663992,
            "MAPE": 47.0003662109375,
            "RMSE": 0.03576946258544922
        },
        "Validation": {
            "Loss": 0.0063006277196109295,
            "MAE": 0.0063006277196109295,
            "MSE": 6.299731467152014e-05,
            "MAPE": 0.6805513501167297,
            "RMSE": 0.007937084883451462
        },
        "Test": {
            "Loss": 0.00722253043204546,
            "MAE": 0.00722253043204546,
            "MSE": 8.864749543135986e-05,
            "MAPE": 0.7862556576728821,
            "RMSE": 0.00941528007388115
        }
    }
}