{
    "EXPERIMENT_NUMBER": 1,
    "SUB_EXPERIMENT_NUMBER": 4,
    "MODEL_NAME": "Model_1",
    "TRAINING_SIZE": 7602,
    "VALIDATION_SIZE": 261,
    "TESTING_SIZE": 129,
    "RUN_MOMENT": "2025-04-14 21:25:06",
    "INPUT_WINDOW_SIZE": 40,
    "OUTPUT_WINDOW_SIZE": 5,
    "BATCH_SIZE": 32,
    "MAX_EPOCHS": 500,
    "LEARNING_RATE": 0.01,
    "PATIENCE": 10,
    "RANDOM_SEED": 280,
    "LOSS_FUNCTION": "MAE",
    "COLUMNS_TO_USE": [
        "IBOVESPA - Close %"
    ],
    "COLUMN_TO_PREDICT": "IBOVESPA - Close %",
    "TRAINING_TIME": "0h:1m:4s:155ms",
    "TRAINING_EPOCHS": 13,
    "Metrics": {
        "Train_Repeat": {
            "Loss": null,
            "MAE": 0.024050775915384293,
            "MSE": 0.0009069583611562848,
            "MAPE": 7.7706122398376465,
            "RMSE": 0.030115749686956406
        },
        "Validation_Repeat": {
            "Loss": null,
            "MAE": 0.017876142635941505,
            "MSE": 0.00048549353959970176,
            "MAPE": 5.599128723144531,
            "RMSE": 0.022033918648958206
        },
        "Test_Repeat": {
            "Loss": null,
            "MAE": 0.02099556289613247,
            "MSE": 0.0006891750963404775,
            "MAPE": 6.381918430328369,
            "RMSE": 0.02625214494764805
        },
        "Train": {
            "Loss": 0.028673548251390457,
            "MAE": 0.028673548251390457,
            "MSE": 0.001801899983547628,
            "MAPE": 42197.14453125,
            "RMSE": 0.04244879260659218
        },
        "Validation": {
            "Loss": 0.012238345108926296,
            "MAE": 0.01223834604024887,
            "MSE": 0.00023610529024153948,
            "MAPE": 3.779520034790039,
            "RMSE": 0.015365717932581902
        },
        "Test": {
            "Loss": 0.017308929935097694,
            "MAE": 0.017308929935097694,
            "MSE": 0.0005161238368600607,
            "MAPE": 5.376560688018799,
            "RMSE": 0.022718358784914017
        }
    }
}