{
    "EXPERIMENT_NUMBER": 1,
    "SUB_EXPERIMENT_NUMBER": 7,
    "MODEL_NAME": "Model_1",
    "TRAINING_SIZE": 7602,
    "VALIDATION_SIZE": 261,
    "TESTING_SIZE": 129,
    "RUN_MOMENT": "2025-04-14 20:36:55",
    "INPUT_WINDOW_SIZE": 4,
    "OUTPUT_WINDOW_SIZE": 1,
    "BATCH_SIZE": 32,
    "MAX_EPOCHS": 500,
    "LEARNING_RATE": 0.01,
    "PATIENCE": 10,
    "RANDOM_SEED": 453,
    "LOSS_FUNCTION": "MAE",
    "COLUMNS_TO_USE": [
        "IBOVESPA - Close",
        "IBOVESPA - Close %"
    ],
    "COLUMN_TO_PREDICT": "IBOVESPA - Close",
    "TRAINING_TIME": "0h:0m:46s:369ms",
    "TRAINING_EPOCHS": 29,
    "Metrics": {
        "Train_Repeat": {
            "Loss": null,
            "MAE": 0.006005511619150639,
            "MSE": 6.263021350605413e-05,
            "MAPE": 0.7072149515151978,
            "RMSE": 0.007913925684988499
        },
        "Validation_Repeat": {
            "Loss": null,
            "MAE": 0.0,
            "MSE": 0.0,
            "MAPE": 0.0,
            "RMSE": 0.0
        },
        "Test_Repeat": {
            "Loss": null,
            "MAE": 0.006717351730912924,
            "MSE": 7.532560994150117e-05,
            "MAPE": 0.7215718626976013,
            "RMSE": 0.008679032325744629
        },
        "Train": {
            "Loss": 0.016399161890149117,
            "MAE": 0.016399161890149117,
            "MSE": 0.0003241828235331923,
            "MAPE": 23.01176643371582,
            "RMSE": 0.01800507679581642
        },
        "Validation": {
            "Loss": 0.006226495839655399,
            "MAE": 0.006226495839655399,
            "MSE": 5.9269117627991363e-05,
            "MAPE": 0.6764708161354065,
            "RMSE": 0.0076986439526081085
        },
        "Test": {
            "Loss": 0.007071596570312977,
            "MAE": 0.007071596570312977,
            "MSE": 8.68891438585706e-05,
            "MAPE": 0.7730314135551453,
            "RMSE": 0.009321434423327446
        }
    }
}