{
    "EXPERIMENT_NUMBER": 1,
    "SUB_EXPERIMENT_NUMBER": 1,
    "MODEL_NAME": "Model_3",
    "TRAINING_SIZE": 7603,
    "VALIDATION_SIZE": 261,
    "TESTING_SIZE": 129,
    "RUN_MOMENT": "2025-04-14 19:28:32",
    "INPUT_WINDOW_SIZE": 4,
    "OUTPUT_WINDOW_SIZE": 1,
    "BATCH_SIZE": 32,
    "MAX_EPOCHS": 500,
    "LEARNING_RATE": 0.01,
    "PATIENCE": 10,
    "RANDOM_SEED": 259,
    "LOSS_FUNCTION": "MAE",
    "COLUMNS_TO_USE": [
        "IBOVESPA - Close"
    ],
    "COLUMN_TO_PREDICT": "IBOVESPA - Close",
    "TRAINING_TIME": "0h:1m:1s:928ms",
    "TRAINING_EPOCHS": 27,
    "Metrics": {
        "Train_Repeat": {
            "Loss": null,
            "MAE": 0.006142390426248312,
            "MSE": 6.263914110604674e-05,
            "MAPE": 0.7226079702377319,
            "RMSE": 0.007914489135146141
        },
        "Validation_Repeat": {
            "Loss": null,
            "MAE": 0.0,
            "MSE": 0.0,
            "MAPE": 0.0,
            "RMSE": 0.0
        },
        "Test_Repeat": {
            "Loss": null,
            "MAE": 0.006717351730912924,
            "MSE": 7.532560994150117e-05,
            "MAPE": 0.7215718626976013,
            "RMSE": 0.008679032325744629
        },
        "Train": {
            "Loss": 0.02032138779759407,
            "MAE": 0.02032138779759407,
            "MSE": 0.00046061736065894365,
            "MAPE": 22.865646362304688,
            "RMSE": 0.02146199718117714
        },
        "Validation": {
            "Loss": 0.006642877124249935,
            "MAE": 0.006642877124249935,
            "MSE": 6.775102519895881e-05,
            "MAPE": 0.7269824147224426,
            "RMSE": 0.008231101557612419
        },
        "Test": {
            "Loss": 0.00807066261768341,
            "MAE": 0.00807066261768341,
            "MSE": 0.00010695778473746032,
            "MAPE": 0.8845173716545105,
            "RMSE": 0.010342040099203587
        }
    }
}