{
    "EXPERIMENT_NUMBER": 1,
    "SUB_EXPERIMENT_NUMBER": 7,
    "MODEL_NAME": "Model_1",
    "TRAINING_SIZE": 7602,
    "VALIDATION_SIZE": 261,
    "TESTING_SIZE": 129,
    "RUN_MOMENT": "2025-04-14 19:04:50",
    "INPUT_WINDOW_SIZE": 4,
    "OUTPUT_WINDOW_SIZE": 1,
    "BATCH_SIZE": 32,
    "MAX_EPOCHS": 500,
    "LEARNING_RATE": 0.01,
    "PATIENCE": 10,
    "RANDOM_SEED": 509,
    "LOSS_FUNCTION": "MAE",
    "COLUMNS_TO_USE": [
        "IBOVESPA - Close",
        "IBOVESPA - Close %"
    ],
    "COLUMN_TO_PREDICT": "IBOVESPA - Close",
    "TRAINING_TIME": "0h:0m:40s:47ms",
    "TRAINING_EPOCHS": 32,
    "Metrics": {
        "Train_Repeat": {
            "Loss": null,
            "MAE": 0.006005511619150639,
            "MSE": 6.263021350605413e-05,
            "MAPE": 0.7072149515151978,
            "RMSE": 0.007913925684988499
        },
        "Validation_Repeat": {
            "Loss": null,
            "MAE": 0.0,
            "MSE": 0.0,
            "MAPE": 0.0,
            "RMSE": 0.0
        },
        "Test_Repeat": {
            "Loss": null,
            "MAE": 0.006717351730912924,
            "MSE": 7.532560994150117e-05,
            "MAPE": 0.7215718626976013,
            "RMSE": 0.008679032325744629
        },
        "Train": {
            "Loss": 0.015106179751455784,
            "MAE": 0.015106179751455784,
            "MSE": 0.00028935508453287184,
            "MAPE": 22.658937454223633,
            "RMSE": 0.017010441049933434
        },
        "Validation": {
            "Loss": 0.00685424730181694,
            "MAE": 0.00685424730181694,
            "MSE": 7.172170444391668e-05,
            "MAPE": 0.7494676113128662,
            "RMSE": 0.008468866348266602
        },
        "Test": {
            "Loss": 0.007908020168542862,
            "MAE": 0.007908020168542862,
            "MSE": 0.00010230256884824485,
            "MAPE": 0.8677984476089478,
            "RMSE": 0.010114473290741444
        }
    }
}