{
    "EXPERIMENT_NUMBER": 1,
    "SUB_EXPERIMENT_NUMBER": 1,
    "MODEL_NAME": "Model_2",
    "TRAINING_SIZE": 7603,
    "VALIDATION_SIZE": 261,
    "TESTING_SIZE": 129,
    "RUN_MOMENT": "2025-04-14 20:20:55",
    "INPUT_WINDOW_SIZE": 4,
    "OUTPUT_WINDOW_SIZE": 1,
    "BATCH_SIZE": 32,
    "MAX_EPOCHS": 500,
    "LEARNING_RATE": 0.01,
    "PATIENCE": 10,
    "RANDOM_SEED": 453,
    "LOSS_FUNCTION": "MAE",
    "COLUMNS_TO_USE": [
        "IBOVESPA - Close"
    ],
    "COLUMN_TO_PREDICT": "IBOVESPA - Close",
    "TRAINING_TIME": "0h:0m:45s:715ms",
    "TRAINING_EPOCHS": 26,
    "Metrics": {
        "Train_Repeat": {
            "Loss": null,
            "MAE": 0.006142390426248312,
            "MSE": 6.263914110604674e-05,
            "MAPE": 0.7226079702377319,
            "RMSE": 0.007914489135146141
        },
        "Validation_Repeat": {
            "Loss": null,
            "MAE": 0.0,
            "MSE": 0.0,
            "MAPE": 0.0,
            "RMSE": 0.0
        },
        "Test_Repeat": {
            "Loss": null,
            "MAE": 0.006717351730912924,
            "MSE": 7.532560994150117e-05,
            "MAPE": 0.7215718626976013,
            "RMSE": 0.008679032325744629
        },
        "Train": {
            "Loss": 0.03646865487098694,
            "MAE": 0.03646865487098694,
            "MSE": 0.0025372165255248547,
            "MAPE": 90.21562957763672,
            "RMSE": 0.05037079006433487
        },
        "Validation": {
            "Loss": 0.013394776731729507,
            "MAE": 0.013394776731729507,
            "MSE": 0.0002531525387894362,
            "MAPE": 1.4249842166900635,
            "RMSE": 0.015910768881440163
        },
        "Test": {
            "Loss": 0.012058121152222157,
            "MAE": 0.012058121152222157,
            "MSE": 0.0002104619052261114,
            "MAPE": 1.2956265211105347,
            "RMSE": 0.01450730487704277
        }
    }
}