{
    "EXPERIMENT_NUMBER": 1,
    "SUB_EXPERIMENT_NUMBER": 6,
    "MODEL_NAME": "Model_3",
    "TRAINING_SIZE": 7602,
    "VALIDATION_SIZE": 261,
    "TESTING_SIZE": 129,
    "RUN_MOMENT": "2025-04-14 20:36:10",
    "INPUT_WINDOW_SIZE": 4,
    "OUTPUT_WINDOW_SIZE": 1,
    "BATCH_SIZE": 32,
    "MAX_EPOCHS": 500,
    "LEARNING_RATE": 0.01,
    "PATIENCE": 10,
    "RANDOM_SEED": 453,
    "LOSS_FUNCTION": "MAE",
    "COLUMNS_TO_USE": [
        "IBOVESPA - Close %",
        "IBOVESPA - High %",
        "IBOVESPA - Low %",
        "IBOVESPA - Open %"
    ],
    "COLUMN_TO_PREDICT": "IBOVESPA - Close %",
    "TRAINING_TIME": "0h:0m:22s:274ms",
    "TRAINING_EPOCHS": 12,
    "Metrics": {
        "Train_Repeat": {
            "Loss": null,
            "MAE": 0.021894998848438263,
            "MSE": 0.0007430388359352946,
            "MAPE": 7.037374496459961,
            "RMSE": 0.0272587388753891
        },
        "Validation_Repeat": {
            "Loss": null,
            "MAE": 0.0,
            "MSE": 0.0,
            "MAPE": 0.0,
            "RMSE": 0.0
        },
        "Test_Repeat": {
            "Loss": null,
            "MAE": 0.01891194097697735,
            "MSE": 0.00047591369366273284,
            "MAPE": 5.887756824493408,
            "RMSE": 0.021815447136759758
        },
        "Train": {
            "Loss": 0.02865750715136528,
            "MAE": 0.02865750715136528,
            "MSE": 0.0018358969828113914,
            "MAPE": 42274.9453125,
            "RMSE": 0.042847368866205215
        },
        "Validation": {
            "Loss": 0.012406297959387302,
            "MAE": 0.012406297959387302,
            "MSE": 0.0002517549437470734,
            "MAPE": 3.8352580070495605,
            "RMSE": 0.01586678810417652
        },
        "Test": {
            "Loss": 0.014959265477955341,
            "MAE": 0.014959265477955341,
            "MSE": 0.00042042898712679744,
            "MAPE": 4.698328971862793,
            "RMSE": 0.020504364743828773
        }
    }
}