{
    "EXPERIMENT_NUMBER": 1,
    "SUB_EXPERIMENT_NUMBER": 8,
    "MODEL_NAME": "Model_2",
    "TRAINING_SIZE": 7602,
    "VALIDATION_SIZE": 261,
    "TESTING_SIZE": 129,
    "RUN_MOMENT": "2025-04-14 19:10:37",
    "INPUT_WINDOW_SIZE": 4,
    "OUTPUT_WINDOW_SIZE": 1,
    "BATCH_SIZE": 32,
    "MAX_EPOCHS": 500,
    "LEARNING_RATE": 0.01,
    "PATIENCE": 10,
    "RANDOM_SEED": 509,
    "LOSS_FUNCTION": "MAE",
    "COLUMNS_TO_USE": [
        "IBOVESPA - Close",
        "IBOVESPA - Close %",
        "IBOVESPA - Spread %"
    ],
    "COLUMN_TO_PREDICT": "IBOVESPA - Close",
    "TRAINING_TIME": "0h:0m:34s:838ms",
    "TRAINING_EPOCHS": 19,
    "Metrics": {
        "Train_Repeat": {
            "Loss": null,
            "MAE": 0.006005511619150639,
            "MSE": 6.263021350605413e-05,
            "MAPE": 0.7072149515151978,
            "RMSE": 0.007913925684988499
        },
        "Validation_Repeat": {
            "Loss": null,
            "MAE": 0.0,
            "MSE": 0.0,
            "MAPE": 0.0,
            "RMSE": 0.0
        },
        "Test_Repeat": {
            "Loss": null,
            "MAE": 0.006717351730912924,
            "MSE": 7.532560994150117e-05,
            "MAPE": 0.7215718626976013,
            "RMSE": 0.008679032325744629
        },
        "Train": {
            "Loss": 0.054415252059698105,
            "MAE": 0.054415252059698105,
            "MSE": 0.005744036752730608,
            "MAPE": 128.96157836914062,
            "RMSE": 0.0757894217967987
        },
        "Validation": {
            "Loss": 0.021750127896666527,
            "MAE": 0.021750127896666527,
            "MSE": 0.0005855986382812262,
            "MAPE": 2.316145420074463,
            "RMSE": 0.024199144914746284
        },
        "Test": {
            "Loss": 0.019316915422677994,
            "MAE": 0.019316915422677994,
            "MSE": 0.00048098081606440246,
            "MAPE": 2.0754873752593994,
            "RMSE": 0.021931275725364685
        }
    }
}