{
    "EXPERIMENT_NUMBER": 1,
    "SUB_EXPERIMENT_NUMBER": 5,
    "MODEL_NAME": "Model_1",
    "TRAINING_SIZE": 7602,
    "VALIDATION_SIZE": 261,
    "TESTING_SIZE": 129,
    "RUN_MOMENT": "2025-04-15 00:28:32",
    "INPUT_WINDOW_SIZE": 40,
    "OUTPUT_WINDOW_SIZE": 5,
    "BATCH_SIZE": 32,
    "MAX_EPOCHS": 500,
    "LEARNING_RATE": 0.01,
    "PATIENCE": 10,
    "RANDOM_SEED": 26,
    "LOSS_FUNCTION": "MAE",
    "COLUMNS_TO_USE": [
        "IBOVESPA - Close %",
        "IBOVESPA - Spread %"
    ],
    "COLUMN_TO_PREDICT": "IBOVESPA - Close %",
    "TRAINING_TIME": "0h:1m:21s:756ms",
    "TRAINING_EPOCHS": 21,
    "Metrics": {
        "Train_Repeat": {
            "Loss": null,
            "MAE": 0.024050775915384293,
            "MSE": 0.0009069583611562848,
            "MAPE": 7.7706122398376465,
            "RMSE": 0.030115749686956406
        },
        "Validation_Repeat": {
            "Loss": null,
            "MAE": 0.017876142635941505,
            "MSE": 0.00048549353959970176,
            "MAPE": 5.599128723144531,
            "RMSE": 0.022033918648958206
        },
        "Test_Repeat": {
            "Loss": null,
            "MAE": 0.02099556289613247,
            "MSE": 0.0006891750963404775,
            "MAPE": 6.381918430328369,
            "RMSE": 0.02625214494764805
        },
        "Train": {
            "Loss": 0.028753643855452538,
            "MAE": 0.028753643855452538,
            "MSE": 0.001806030049920082,
            "MAPE": 42345.34375,
            "RMSE": 0.042497411370277405
        },
        "Validation": {
            "Loss": 0.012364786118268967,
            "MAE": 0.012364784255623817,
            "MSE": 0.00024016090901568532,
            "MAPE": 3.8132665157318115,
            "RMSE": 0.015497125685214996
        },
        "Test": {
            "Loss": 0.017412783578038216,
            "MAE": 0.017412783578038216,
            "MSE": 0.0005205029156059027,
            "MAPE": 5.400913238525391,
            "RMSE": 0.02281453274190426
        }
    }
}