{
    "EXPERIMENT_NUMBER": 1,
    "SUB_EXPERIMENT_NUMBER": 5,
    "MODEL_NAME": "Model_3",
    "TRAINING_SIZE": 7602,
    "VALIDATION_SIZE": 261,
    "TESTING_SIZE": 129,
    "RUN_MOMENT": "2025-04-14 20:33:03",
    "INPUT_WINDOW_SIZE": 4,
    "OUTPUT_WINDOW_SIZE": 1,
    "BATCH_SIZE": 32,
    "MAX_EPOCHS": 500,
    "LEARNING_RATE": 0.01,
    "PATIENCE": 10,
    "RANDOM_SEED": 453,
    "LOSS_FUNCTION": "MAE",
    "COLUMNS_TO_USE": [
        "IBOVESPA - Close %",
        "IBOVESPA - Spread %"
    ],
    "COLUMN_TO_PREDICT": "IBOVESPA - Close %",
    "TRAINING_TIME": "0h:0m:37s:109ms",
    "TRAINING_EPOCHS": 17,
    "Metrics": {
        "Train_Repeat": {
            "Loss": null,
            "MAE": 0.021894998848438263,
            "MSE": 0.0007430388359352946,
            "MAPE": 7.037374496459961,
            "RMSE": 0.0272587388753891
        },
        "Validation_Repeat": {
            "Loss": null,
            "MAE": 0.0,
            "MSE": 0.0,
            "MAPE": 0.0,
            "RMSE": 0.0
        },
        "Test_Repeat": {
            "Loss": null,
            "MAE": 0.01891194097697735,
            "MSE": 0.00047591369366273284,
            "MAPE": 5.887756824493408,
            "RMSE": 0.021815447136759758
        },
        "Train": {
            "Loss": 0.028652720153331757,
            "MAE": 0.028652720153331757,
            "MSE": 0.0018348173471167684,
            "MAPE": 42317.56640625,
            "RMSE": 0.04283476620912552
        },
        "Validation": {
            "Loss": 0.012405682355165482,
            "MAE": 0.012405682355165482,
            "MSE": 0.0002510867197997868,
            "MAPE": 3.8385961055755615,
            "RMSE": 0.01584571599960327
        },
        "Test": {
            "Loss": 0.014972657896578312,
            "MAE": 0.014972657896578312,
            "MSE": 0.0004205951699987054,
            "MAPE": 4.706836223602295,
            "RMSE": 0.0205084178596735
        }
    }
}