{
    "EXPERIMENT_NUMBER": 1,
    "SUB_EXPERIMENT_NUMBER": 7,
    "MODEL_NAME": "Model_1",
    "TRAINING_SIZE": 7602,
    "VALIDATION_SIZE": 261,
    "TESTING_SIZE": 129,
    "RUN_MOMENT": "2025-04-14 20:04:20",
    "INPUT_WINDOW_SIZE": 4,
    "OUTPUT_WINDOW_SIZE": 1,
    "BATCH_SIZE": 32,
    "MAX_EPOCHS": 500,
    "LEARNING_RATE": 0.01,
    "PATIENCE": 10,
    "RANDOM_SEED": 937,
    "LOSS_FUNCTION": "MAE",
    "COLUMNS_TO_USE": [
        "IBOVESPA - Close",
        "IBOVESPA - Close %"
    ],
    "COLUMN_TO_PREDICT": "IBOVESPA - Close",
    "TRAINING_TIME": "0h:0m:39s:553ms",
    "TRAINING_EPOCHS": 27,
    "Metrics": {
        "Train_Repeat": {
            "Loss": null,
            "MAE": 0.006005511619150639,
            "MSE": 6.263021350605413e-05,
            "MAPE": 0.7072149515151978,
            "RMSE": 0.007913925684988499
        },
        "Validation_Repeat": {
            "Loss": null,
            "MAE": 0.0,
            "MSE": 0.0,
            "MAPE": 0.0,
            "RMSE": 0.0
        },
        "Test_Repeat": {
            "Loss": null,
            "MAE": 0.006717351730912924,
            "MSE": 7.532560994150117e-05,
            "MAPE": 0.7215718626976013,
            "RMSE": 0.008679032325744629
        },
        "Train": {
            "Loss": 0.021507898345589638,
            "MAE": 0.021507898345589638,
            "MSE": 0.0005319598712958395,
            "MAPE": 27.861568450927734,
            "RMSE": 0.023064255714416504
        },
        "Validation": {
            "Loss": 0.006004928145557642,
            "MAE": 0.006004928145557642,
            "MSE": 5.6024702644208446e-05,
            "MAPE": 0.6502264738082886,
            "RMSE": 0.007484965026378632
        },
        "Test": {
            "Loss": 0.00693814642727375,
            "MAE": 0.00693814642727375,
            "MSE": 8.475260983686894e-05,
            "MAPE": 0.7562453746795654,
            "RMSE": 0.009206118062138557
        }
    }
}