{
    "EXPERIMENT_NUMBER": 1,
    "SUB_EXPERIMENT_NUMBER": 7,
    "MODEL_NAME": "Model_2",
    "TRAINING_SIZE": 7602,
    "VALIDATION_SIZE": 261,
    "TESTING_SIZE": 129,
    "RUN_MOMENT": "2025-04-14 19:05:47",
    "INPUT_WINDOW_SIZE": 4,
    "OUTPUT_WINDOW_SIZE": 1,
    "BATCH_SIZE": 32,
    "MAX_EPOCHS": 500,
    "LEARNING_RATE": 0.01,
    "PATIENCE": 10,
    "RANDOM_SEED": 509,
    "LOSS_FUNCTION": "MAE",
    "COLUMNS_TO_USE": [
        "IBOVESPA - Close",
        "IBOVESPA - Close %"
    ],
    "COLUMN_TO_PREDICT": "IBOVESPA - Close",
    "TRAINING_TIME": "0h:1m:28s:88ms",
    "TRAINING_EPOCHS": 53,
    "Metrics": {
        "Train_Repeat": {
            "Loss": null,
            "MAE": 0.006005511619150639,
            "MSE": 6.263021350605413e-05,
            "MAPE": 0.7072149515151978,
            "RMSE": 0.007913925684988499
        },
        "Validation_Repeat": {
            "Loss": null,
            "MAE": 0.0,
            "MSE": 0.0,
            "MAPE": 0.0,
            "RMSE": 0.0
        },
        "Test_Repeat": {
            "Loss": null,
            "MAE": 0.006717351730912924,
            "MSE": 7.532560994150117e-05,
            "MAPE": 0.7215718626976013,
            "RMSE": 0.008679032325744629
        },
        "Train": {
            "Loss": 0.02048880234360695,
            "MAE": 0.02048880234360695,
            "MSE": 0.0008856465574353933,
            "MAPE": 58.264434814453125,
            "RMSE": 0.029759814962744713
        },
        "Validation": {
            "Loss": 0.006573008373379707,
            "MAE": 0.006573008373379707,
            "MSE": 6.859761197119951e-05,
            "MAPE": 0.7081894278526306,
            "RMSE": 0.008282367140054703
        },
        "Test": {
            "Loss": 0.007132773753255606,
            "MAE": 0.007132773753255606,
            "MSE": 8.774575690040365e-05,
            "MAPE": 0.7758907675743103,
            "RMSE": 0.009367270395159721
        }
    }
}