{
    "EXPERIMENT_NUMBER": 1,
    "SUB_EXPERIMENT_NUMBER": 8,
    "MODEL_NAME": "Model_2",
    "TRAINING_SIZE": 7602,
    "VALIDATION_SIZE": 261,
    "TESTING_SIZE": 129,
    "RUN_MOMENT": "2025-04-14 20:41:58",
    "INPUT_WINDOW_SIZE": 4,
    "OUTPUT_WINDOW_SIZE": 1,
    "BATCH_SIZE": 32,
    "MAX_EPOCHS": 500,
    "LEARNING_RATE": 0.01,
    "PATIENCE": 10,
    "RANDOM_SEED": 453,
    "LOSS_FUNCTION": "MAE",
    "COLUMNS_TO_USE": [
        "IBOVESPA - Close",
        "IBOVESPA - Close %",
        "IBOVESPA - Spread %"
    ],
    "COLUMN_TO_PREDICT": "IBOVESPA - Close",
    "TRAINING_TIME": "0h:1m:9s:899ms",
    "TRAINING_EPOCHS": 31,
    "Metrics": {
        "Train_Repeat": {
            "Loss": null,
            "MAE": 0.006005511619150639,
            "MSE": 6.263021350605413e-05,
            "MAPE": 0.7072149515151978,
            "RMSE": 0.007913925684988499
        },
        "Validation_Repeat": {
            "Loss": null,
            "MAE": 0.0,
            "MSE": 0.0,
            "MAPE": 0.0,
            "RMSE": 0.0
        },
        "Test_Repeat": {
            "Loss": null,
            "MAE": 0.006717351730912924,
            "MSE": 7.532560994150117e-05,
            "MAPE": 0.7215718626976013,
            "RMSE": 0.008679032325744629
        },
        "Train": {
            "Loss": 0.036375030875205994,
            "MAE": 0.036375030875205994,
            "MSE": 0.0016945666866376996,
            "MAPE": 67.74935150146484,
            "RMSE": 0.04116511344909668
        },
        "Validation": {
            "Loss": 0.007468304131180048,
            "MAE": 0.007468304131180048,
            "MSE": 8.716669253772125e-05,
            "MAPE": 0.8213513493537903,
            "RMSE": 0.009336310438811779
        },
        "Test": {
            "Loss": 0.008833734318614006,
            "MAE": 0.008833734318614006,
            "MSE": 0.00012404756853356957,
            "MAPE": 0.9707978367805481,
            "RMSE": 0.011137664318084717
        }
    }
}